{
  "coupling_complexity": 0.0,
  "coupling_delta_F": 0.0,
  "coupling_density": 0.0,
  "coupling_density_shape": 0.0,
  "coupling_port_geometry": 1.0,
  "coupling_softness": 0.0,
  "coupling_ws_Z": 0.0,
  "density_Z_ref": 10.0,
  "density_blend": "linear",
  "density_model": "tf_radius",
  "density_source": "gaussian",
  "experiment_name": "default_thermo",
  "port_geometry_blend": "linear",
  "port_geometry_source": "ws_sp_gap",
  "temperature": 1.0,
  "ws_N_grid": 220,
  "ws_R_max": 12.0,
  "ws_R_well": 5.0,
  "ws_V0": 40.0,
  "ws_Z_alpha": 0.3333333333333333,
  "ws_Z_ref": 10.0,
  "ws_ell": 0,
  "ws_geom_N_grid": 800,
  "ws_geom_R_max": 25.0,
  "ws_geom_R_well": 6.0,
  "ws_geom_V0": 45.0,
  "ws_geom_gap_ref": 1.0,
  "ws_geom_gap_scale": 1.0,
  "ws_state_index": 0
}