seed,mode,n,m,cyclomatic,cycle_load,crossing,crossing_density,C_norm_fdm,C_norm_fdm_loopy,penalty_factor,is_exact
Be,CY1A,2,1,0,0.0,0,0.0,0.6060660171779821,0.6060660171779821,1.0,True
Be,CY1A,2,1,0,0.0,0,0.0,0.6060660171779821,0.6060660171779821,1.0,True
Be,CY1A,3,3,1,0.3333333333333333,0,0.0,0.41031336922528344,0.6701785030679629,1.633333333333333,True
Be,CY1A,3,3,1,0.3333333333333333,0,0.0,0.41031336922528344,0.6701785030679629,1.633333333333333,True
Be,CY1A,2,1,0,0.0,0,0.0,0.6060660171779821,0.6060660171779821,1.0,True
Be,CY1A,2,1,0,0.0,0,0.0,0.6060660171779821,0.6060660171779821,1.0,True
Be,CY1A,3,3,1,0.3333333333333333,0,0.0,0.41031336922528344,0.6701785030679629,1.633333333333333,True
Be,CY1A,3,3,1,0.3333333333333333,0,0.0,0.41031336922528344,0.6701785030679629,1.633333333333333,True
Be,CY1A,2,1,0,0.0,0,0.0,0.6060660171779821,0.6060660171779821,1.0,True
Be,CY1A,2,1,0,0.0,0,0.0,0.6060660171779821,0.6060660171779821,1.0,True
Be,CY1A,8,9,2,0.25,0,0.0,0.22850194496660958,0.4227285981882277,1.8499999999999999,True
Be,CY1A,2,1,0,0.0,0,0.0,0.6060660171779821,0.6060660171779821,1.0,True
Be,CY1A,3,3,1,0.3333333333333333,0,0.0,0.41031336922528344,0.6701785030679629,1.633333333333333,True
Be,CY1A,4,5,2,0.5,0,0.0,0.33303300858899104,0.6993693180368812,2.1,True
Be,CY1A,2,1,0,0.0,0,0.0,0.6060660171779821,0.6060660171779821,1.0,True
Be,CY1A,2,1,0,0.0,0,0.0,0.6060660171779821,0.6060660171779821,1.0,True
Be,CY1A,2,1,0,0.0,0,0.0,0.6060660171779821,0.6060660171779821,1.0,True
Be,CY1A,2,1,0,0.0,0,0.0,0.6060660171779821,0.6060660171779821,1.0,True
Be,CY1A,7,9,3,0.42857142857142855,0,0.0,0.20408010800341625,0.4752151086365264,2.3285714285714283,True
Be,CY1A,2,1,0,0.0,0,0.0,0.6060660171779821,0.6060660171779821,1.0,True
Be,CY1A,2,1,0,0.0,0,0.0,0.6060660171779821,0.6060660171779821,1.0,True
Be,CY1A,2,1,0,0.0,0,0.0,0.6060660171779821,0.6060660171779821,1.0,True
Be,CY1A,2,1,0,0.0,0,0.0,0.6060660171779821,0.6060660171779821,1.0,True
Be,CY1A,2,1,0,0.0,0,0.0,0.6060660171779821,0.6060660171779821,1.0,True
Be,CY1A,2,1,0,0.0,0,0.0,0.6060660171779821,0.6060660171779821,1.0,True
Be,CY1A,8,10,3,0.375,1,0.1,0.2273380316387588,0.5171940219781762,2.275,True
Be,CY1A,2,1,0,0.0,0,0.0,0.6060660171779821,0.6060660171779821,1.0,True
Be,CY1A,8,9,2,0.25,0,0.0,0.18813068721314366,0.34804177134431585,1.8500000000000005,True
Be,CY1A,2,1,0,0.0,0,0.0,0.6060660171779821,0.6060660171779821,1.0,True
Be,CY1A,3,3,1,0.3333333333333333,0,0.0,0.41031336922528344,0.6701785030679629,1.633333333333333,True
Be,CY1A,2,1,0,0.0,0,0.0,0.6060660171779821,0.6060660171779821,1.0,True
Be,CY1A,4,6,3,0.75,1,0.16666666666666666,0.30624999999999997,0.8115624999999999,2.65,True
Be,CY1A,2,1,0,0.0,0,0.0,0.6060660171779821,0.6060660171779821,1.0,True
Be,CY1A,8,9,2,0.25,1,0.1111111111111111,0.219435473958481,0.40595562682318986,1.85,True
Be,CY1A,2,1,0,0.0,0,0.0,0.6060660171779821,0.6060660171779821,1.0,True
Be,CY1A,5,7,3,0.6,1,0.14285714285714285,0.2582639938968138,0.6456599847420346,2.5,True
Be,CY1A,2,1,0,0.0,0,0.0,0.6060660171779821,0.6060660171779821,1.0,True
Be,CY1A,2,1,0,0.0,0,0.0,0.6060660171779821,0.6060660171779821,1.0,True
Be,CY1A,7,9,3,0.42857142857142855,0,0.0,0.24324684666562052,0.5664176572356592,2.3285714285714283,True
Be,CY1A,5,7,3,0.6,1,0.14285714285714285,0.2582639938968138,0.6456599847420346,2.5,True
Be,CY1A,8,10,3,0.375,1,0.1,0.20791381725597052,0.47300393425733295,2.275,True
Be,CY1A,2,1,0,0.0,0,0.0,0.6060660171779821,0.6060660171779821,1.0,True
Be,CY1A,5,7,3,0.6,1,0.14285714285714285,0.2582639938968138,0.6456599847420346,2.5,True
Be,CY1A,2,1,0,0.0,0,0.0,0.6060660171779821,0.6060660171779821,1.0,True
Be,CY1A,7,9,3,0.42857142857142855,0,0.0,0.24053821932212274,0.560110424992943,2.3285714285714287,True
Be,CY1A,7,9,3,0.42857142857142855,1,0.1111111111111111,0.20804668134948237,0.4844515579995089,2.3285714285714283,True
Be,CY1A,2,1,0,0.0,0,0.0,0.6060660171779821,0.6060660171779821,1.0,True
Be,CY1A,2,1,0,0.0,0,0.0,0.6060660171779821,0.6060660171779821,1.0,True
Be,CY1A,2,1,0,0.0,0,0.0,0.6060660171779821,0.6060660171779821,1.0,True
Be,CY1A,2,1,0,0.0,0,0.0,0.6060660171779821,0.6060660171779821,1.0,True
Be,CY1A,8,7,0,0.0,0,0.0,0.2115581330318353,0.2115581330318353,1.0,True
Be,CY1A,4,6,3,0.75,1,0.16666666666666666,0.30624999999999997,0.8115624999999999,2.65,True
Be,CY1A,5,6,2,0.4,0,0.0,0.2582639938968138,0.5165279877936276,2.0,True
Be,CY1A,3,3,1,0.3333333333333333,0,0.0,0.41031336922528344,0.6701785030679629,1.633333333333333,True
Be,CY1A,2,1,0,0.0,0,0.0,0.6060660171779821,0.6060660171779821,1.0,True
Be,CY1A,6,8,3,0.5,0,0.0,0.23351446341289747,0.560434712190954,2.4000000000000004,True
Be,CY1A,5,6,2,0.4,0,0.0,0.2735954826256316,0.5471909652512632,2.0,True
Be,CY1A,6,8,3,0.5,0,0.0,0.22012578859631673,0.5283018926311601,2.4,True
Be,CY1A,5,7,3,0.6,0,0.0,0.27938383802778455,0.6984595950694614,2.5,True
Be,CY1A,2,1,0,0.0,0,0.0,0.6060660171779821,0.6060660171779821,1.0,True
Be,CY1A,2,1,0,0.0,0,0.0,0.6060660171779821,0.6060660171779821,1.0,True
Be,CY1A,2,1,0,0.0,0,0.0,0.6060660171779821,0.6060660171779821,1.0,True
Be,CY1A,8,9,2,0.25,0,0.0,0.1786831681588756,0.3305638610939199,1.85,True
Be,CY1A,3,3,1,0.3333333333333333,0,0.0,0.41031336922528344,0.6701785030679629,1.633333333333333,True
Be,CY1A,4,6,3,0.75,1,0.16666666666666666,0.30624999999999997,0.8115624999999999,2.65,True
Be,CY1A,3,3,1,0.3333333333333333,0,0.0,0.41031336922528344,0.6701785030679629,1.633333333333333,True
Be,CY1A,2,1,0,0.0,0,0.0,0.6060660171779821,0.6060660171779821,1.0,True
Be,CY1A,2,1,0,0.0,0,0.0,0.6060660171779821,0.6060660171779821,1.0,True
Be,CY1A,7,9,3,0.42857142857142855,1,0.1111111111111111,0.19746915242663937,0.45982102636488875,2.3285714285714283,True
Be,CY1A,2,1,0,0.0,0,0.0,0.6060660171779821,0.6060660171779821,1.0,True
Be,CY1A,7,9,3,0.42857142857142855,1,0.1111111111111111,0.19295477352080978,0.4493089726270284,2.3285714285714283,True
Be,CY1A,4,6,3,0.75,1,0.16666666666666666,0.30624999999999997,0.8115624999999999,2.65,True
Be,CY1A,2,1,0,0.0,0,0.0,0.6060660171779821,0.6060660171779821,1.0,True
Be,CY1A,8,10,3,0.375,0,0.0,0.19850686047822802,0.45160310758796873,2.275,True
Be,CY1A,2,1,0,0.0,0,0.0,0.6060660171779821,0.6060660171779821,1.0,True
Be,CY1A,4,6,3,0.75,1,0.16666666666666666,0.30624999999999997,0.8115624999999999,2.65,True
Be,CY1A,3,3,1,0.3333333333333333,0,0.0,0.41031336922528344,0.6701785030679629,1.633333333333333,True
Be,CY1A,2,1,0,0.0,0,0.0,0.6060660171779821,0.6060660171779821,1.0,True
Be,CY1A,5,4,0,0.0,0,0.0,0.3143835308988808,0.3143835308988808,1.0,True
Be,CY1A,3,3,1,0.3333333333333333,0,0.0,0.41031336922528344,0.6701785030679629,1.633333333333333,True
Be,CY1A,6,8,3,0.5,0,0.0,0.2393459927301959,0.5744303825524701,2.4,True
Be,CY1A,2,1,0,0.0,0,0.0,0.6060660171779821,0.6060660171779821,1.0,True
Be,CY1A,2,1,0,0.0,0,0.0,0.6060660171779821,0.6060660171779821,1.0,True
Be,CY1A,2,1,0,0.0,0,0.0,0.6060660171779821,0.6060660171779821,1.0,True
Be,CY1A,3,3,1,0.3333333333333333,0,0.0,0.41031336922528344,0.6701785030679629,1.633333333333333,True
Be,CY1A,4,4,1,0.25,0,0.0,0.33303300858899104,0.5162011633129361,1.5499999999999998,True
Be,CY1A,2,1,0,0.0,0,0.0,0.6060660171779821,0.6060660171779821,1.0,True
Be,CY1A,2,1,0,0.0,0,0.0,0.6060660171779821,0.6060660171779821,1.0,True
Be,CY1A,3,3,1,0.3333333333333333,0,0.0,0.41031336922528344,0.6701785030679629,1.633333333333333,True
Be,CY1A,7,9,3,0.42857142857142855,1,0.1111111111111111,0.20804668134948237,0.4844515579995089,2.3285714285714283,True
Be,CY1A,3,3,1,0.3333333333333333,0,0.0,0.41031336922528344,0.6701785030679629,1.633333333333333,True
Be,CY1A,2,1,0,0.0,0,0.0,0.6060660171779821,0.6060660171779821,1.0,True
Be,CY1A,5,7,3,0.6,1,0.14285714285714285,0.27938383802778455,0.6984595950694614,2.5,True
Be,CY1A,3,3,1,0.3333333333333333,0,0.0,0.41031336922528344,0.6701785030679629,1.633333333333333,True
Be,CY1A,8,10,3,0.375,0,0.0,0.19372623788273208,0.44072719118321546,2.275,True
Be,CY1A,2,1,0,0.0,0,0.0,0.6060660171779821,0.6060660171779821,1.0,True
Be,CY1A,3,3,1,0.3333333333333333,0,0.0,0.41031336922528344,0.6701785030679629,1.633333333333333,True
Be,CY1A,2,1,0,0.0,0,0.0,0.6060660171779821,0.6060660171779821,1.0,True
Be,CY1A,2,1,0,0.0,0,0.0,0.6060660171779821,0.6060660171779821,1.0,True
Be,CY1A,2,1,0,0.0,0,0.0,0.6060660171779821,0.6060660171779821,1.0,True
Be,CY1A,2,1,0,0.0,0,0.0,0.6060660171779821,0.6060660171779821,1.0,True
Be,CY1A,5,7,3,0.6,0,0.0,0.2735954826256316,0.6839887065640791,2.5,True
Be,CY1A,6,8,3,0.5,1,0.125,0.2237952478840668,0.5371085949217602,2.3999999999999995,True
Be,CY1A,2,1,0,0.0,0,0.0,0.6060660171779821,0.6060660171779821,1.0,True
Be,CY1A,3,3,1,0.3333333333333333,0,0.0,0.41031336922528344,0.6701785030679629,1.633333333333333,True
Be,CY1A,7,9,3,0.42857142857142855,0,0.0,0.21033694467600764,0.48978459974556054,2.3285714285714283,True
Be,CY1A,2,1,0,0.0,0,0.0,0.6060660171779821,0.6060660171779821,1.0,True
Be,CY1A,7,8,2,0.2857142857142857,0,0.0,0.21976765867304102,0.4144190134977345,1.885714285714286,True
Be,CY1A,6,8,3,0.5,1,0.125,0.2237952478840668,0.5371085949217602,2.3999999999999995,True
Be,CY1A,2,1,0,0.0,0,0.0,0.6060660171779821,0.6060660171779821,1.0,True
Be,CY1A,7,9,3,0.42857142857142855,1,0.1111111111111111,0.190310391290099,0.44315133971837334,2.3285714285714283,True
Be,CY1A,8,10,3,0.375,0,0.0,0.18813068721314366,0.4279973134099018,2.275,True
Be,CY1A,2,1,0,0.0,0,0.0,0.6060660171779821,0.6060660171779821,1.0,True
Be,CY1A,2,1,0,0.0,0,0.0,0.6060660171779821,0.6060660171779821,1.0,True
Be,CY1A,8,10,3,0.375,1,0.1,0.2096182774854173,0.47688158127932434,2.275,True
Be,CY1A,3,3,1,0.3333333333333333,0,0.0,0.41031336922528344,0.6701785030679629,1.633333333333333,True
Be,CY1A,2,1,0,0.0,0,0.0,0.6060660171779821,0.6060660171779821,1.0,True
Be,CY1A,3,3,1,0.3333333333333333,0,0.0,0.41031336922528344,0.6701785030679629,1.633333333333333,True
Be,CY1A,3,3,1,0.3333333333333333,0,0.0,0.41031336922528344,0.6701785030679629,1.633333333333333,True
Be,CY1A,2,1,0,0.0,0,0.0,0.6060660171779821,0.6060660171779821,1.0,True
Be,CY1A,6,8,3,0.5,1,0.125,0.23351446341289747,0.560434712190954,2.4000000000000004,True
Be,CY1A,2,1,0,0.0,0,0.0,0.6060660171779821,0.6060660171779821,1.0,True
Be,CY1A,4,3,0,0.0,0,0.0,0.36992785792574934,0.36992785792574934,1.0,True
Be,CY1A,2,1,0,0.0,0,0.0,0.6060660171779821,0.6060660171779821,1.0,True
Be,CY1A,5,7,3,0.6,0,0.0,0.27938383802778455,0.6984595950694614,2.5,True
Be,CY1A,2,1,0,0.0,0,0.0,0.6060660171779821,0.6060660171779821,1.0,True
Be,CY1A,2,1,0,0.0,0,0.0,0.6060660171779821,0.6060660171779821,1.0,True
Be,CY1A,2,1,0,0.0,0,0.0,0.6060660171779821,0.6060660171779821,1.0,True
Be,CY1A,2,1,0,0.0,0,0.0,0.6060660171779821,0.6060660171779821,1.0,True
Be,CY1A,3,3,1,0.3333333333333333,0,0.0,0.41031336922528344,0.6701785030679629,1.633333333333333,True
Be,CY1A,4,6,3,0.75,1,0.16666666666666666,0.30624999999999997,0.8115624999999999,2.65,True
Be,CY1A,6,7,2,0.3333333333333333,1,0.14285714285714285,0.23351446341289747,0.4514612959316018,1.9333333333333333,True
Be,CY1A,2,1,0,0.0,0,0.0,0.6060660171779821,0.6060660171779821,1.0,True
Be,CY1A,2,1,0,0.0,0,0.0,0.6060660171779821,0.6060660171779821,1.0,True
Be,CY1A,2,1,0,0.0,0,0.0,0.6060660171779821,0.6060660171779821,1.0,True
Be,CY1A,6,8,3,0.5,0,0.0,0.23351446341289747,0.560434712190954,2.4000000000000004,True
Be,CY1A,2,1,0,0.0,0,0.0,0.6060660171779821,0.6060660171779821,1.0,True
Mg,CY1A,2,1,0,0.0,0,0.0,0.6060660171779821,0.6060660171779821,1.0,True
Mg,CY1A,2,1,0,0.0,0,0.0,0.6060660171779821,0.6060660171779821,1.0,True
Mg,CY1A,2,1,0,0.0,0,0.0,0.6060660171779821,0.6060660171779821,1.0,True
Mg,CY1A,7,9,3,0.42857142857142855,0,0.0,0.20804668134948237,0.4844515579995089,2.3285714285714283,True
Mg,CY1A,2,1,0,0.0,0,0.0,0.6060660171779821,0.6060660171779821,1.0,True
Mg,CY1A,2,1,0,0.0,0,0.0,0.6060660171779821,0.6060660171779821,1.0,True
Mg,CY1A,2,1,0,0.0,0,0.0,0.6060660171779821,0.6060660171779821,1.0,True
Mg,CY1A,6,8,3,0.5,0,0.0,0.22962677720136518,0.5511042652832764,2.4,True
Mg,CY1A,2,1,0,0.0,0,0.0,0.6060660171779821,0.6060660171779821,1.0,True
Mg,CY1A,6,7,2,0.3333333333333333,0,0.0,0.21040657306748603,0.40678604126380635,1.9333333333333336,True
Mg,CY1A,3,3,1,0.3333333333333333,0,0.0,0.41031336922528344,0.6701785030679629,1.633333333333333,True
Mg,CY1A,3,3,1,0.3333333333333333,0,0.0,0.41031336922528344,0.6701785030679629,1.633333333333333,True
Mg,CY1A,8,10,3,0.375,1,0.1,0.18983514744259045,0.4318749604318932,2.275,True
Mg,CY1A,8,8,1,0.125,0,0.0,0.21674687391503222,0.30886429532892096,1.4250000000000003,True
Mg,CY1A,3,3,1,0.3333333333333333,0,0.0,0.41031336922528344,0.6701785030679629,1.633333333333333,True
Mg,CY1A,4,4,1,0.25,0,0.0,0.30624999999999997,0.47468749999999993,1.55,True
Mg,CY1A,3,3,1,0.3333333333333333,0,0.0,0.41031336922528344,0.6701785030679629,1.633333333333333,True
Mg,CY1A,8,10,3,0.375,1,0.1,0.1750017856687341,0.39812906239636997,2.2749999999999995,True
Mg,CY1A,3,3,1,0.3333333333333333,0,0.0,0.41031336922528344,0.6701785030679629,1.633333333333333,True
Mg,CY1A,3,3,1,0.3333333333333333,0,0.0,0.41031336922528344,0.6701785030679629,1.633333333333333,True
Mg,CY1A,7,9,3,0.42857142857142855,1,0.1111111111111111,0.2287275613174497,0.5326084642106329,2.3285714285714287,True
Mg,CY1A,3,3,1,0.3333333333333333,0,0.0,0.41031336922528344,0.6701785030679629,1.633333333333333,True
Mg,CY1A,3,3,1,0.3333333333333333,0,0.0,0.41031336922528344,0.6701785030679629,1.633333333333333,True
Mg,CY1A,7,8,2,0.2857142857142857,0,0.0,0.20804668134948237,0.3923165991161668,1.885714285714286,True
Mg,CY1A,3,3,1,0.3333333333333333,0,0.0,0.41031336922528344,0.6701785030679629,1.633333333333333,True
Mg,CY1A,2,1,0,0.0,0,0.0,0.6060660171779821,0.6060660171779821,1.0,True
Mg,CY1A,2,1,0,0.0,0,0.0,0.6060660171779821,0.6060660171779821,1.0,True
Mg,CY1A,8,10,3,0.375,0,0.0,0.184217397489612,0.4190945792888673,2.275,True
Mg,CY1A,4,5,2,0.5,0,0.0,0.33303300858899104,0.6993693180368812,2.1,True
Mg,CY1A,8,10,3,0.375,0,0.0,0.18152393520795354,0.4129669525980943,2.275,True
Mg,CY1A,4,6,3,0.75,1,0.16666666666666666,0.30624999999999997,0.8115624999999999,2.65,True
Mg,CY1A,2,1,0,0.0,0,0.0,0.6060660171779821,0.6060660171779821,1.0,True
Mg,CY1A,3,3,1,0.3333333333333333,0,0.0,0.41031336922528344,0.6701785030679629,1.633333333333333,True
Mg,CY1A,2,1,0,0.0,0,0.0,0.6060660171779821,0.6060660171779821,1.0,True
Mg,CY1A,2,1,0,0.0,0,0.0,0.6060660171779821,0.6060660171779821,1.0,True
Mg,CY1A,2,1,0,0.0,0,0.0,0.6060660171779821,0.6060660171779821,1.0,True
Mg,CY1A,2,1,0,0.0,0,0.0,0.6060660171779821,0.6060660171779821,1.0,True
Mg,CY1A,2,1,0,0.0,0,0.0,0.6060660171779821,0.6060660171779821,1.0,True
Mg,CY1A,2,1,0,0.0,0,0.0,0.6060660171779821,0.6060660171779821,1.0,True
Mg,CY1A,2,1,0,0.0,0,0.0,0.6060660171779821,0.6060660171779821,1.0,True
Mg,CY1A,2,1,0,0.0,0,0.0,0.6060660171779821,0.6060660171779821,1.0,True
Mg,CY1A,3,3,1,0.3333333333333333,0,0.0,0.41031336922528344,0.6701785030679629,1.633333333333333,True
Mg,CY1A,2,1,0,0.0,0,0.0,0.6060660171779821,0.6060660171779821,1.0,True
Mg,CY1A,2,1,0,0.0,0,0.0,0.6060660171779821,0.6060660171779821,1.0,True
Mg,CY1A,2,1,0,0.0,0,0.0,0.6060660171779821,0.6060660171779821,1.0,True
Mg,CY1A,3,3,1,0.3333333333333333,0,0.0,0.41031336922528344,0.6701785030679629,1.633333333333333,True
Mg,CY1A,3,3,1,0.3333333333333333,0,0.0,0.41031336922528344,0.6701785030679629,1.633333333333333,True
Mg,CY1A,2,1,0,0.0,0,0.0,0.6060660171779821,0.6060660171779821,1.0,True
Mg,CY1A,2,1,0,0.0,0,0.0,0.6060660171779821,0.6060660171779821,1.0,True
Mg,CY1A,2,1,0,0.0,0,0.0,0.6060660171779821,0.6060660171779821,1.0,True
Mg,CY1A,2,1,0,0.0,0,0.0,0.6060660171779821,0.6060660171779821,1.0,True
Mg,CY1A,2,1,0,0.0,0,0.0,0.6060660171779821,0.6060660171779821,1.0,True
Mg,CY1A,2,1,0,0.0,0,0.0,0.6060660171779821,0.6060660171779821,1.0,True
Mg,CY1A,3,3,1,0.3333333333333333,0,0.0,0.41031336922528344,0.6701785030679629,1.633333333333333,True
Mg,CY1A,8,10,3,0.375,1,0.1,0.1843647022570315,0.41942969763474663,2.275,True
Mg,CY1A,2,1,0,0.0,0,0.0,0.6060660171779821,0.6060660171779821,1.0,True
Mg,CY1A,2,1,0,0.0,0,0.0,0.6060660171779821,0.6060660171779821,1.0,True
Mg,CY1A,3,3,1,0.3333333333333333,0,0.0,0.41031336922528344,0.6701785030679629,1.633333333333333,True
Mg,CY1A,3,3,1,0.3333333333333333,0,0.0,0.41031336922528344,0.6701785030679629,1.633333333333333,True
Mg,CY1A,6,7,2,0.3333333333333333,0,0.0,0.240151358950162,0.46429262730364657,1.9333333333333333,True
Mg,CY1A,2,1,0,0.0,0,0.0,0.6060660171779821,0.6060660171779821,1.0,True
Mg,CY1A,2,1,0,0.0,0,0.0,0.6060660171779821,0.6060660171779821,1.0,True
Mg,CY1A,4,6,3,0.75,1,0.16666666666666666,0.30624999999999997,0.8115624999999999,2.65,True
Mg,CY1A,8,10,3,0.375,0,0.0,0.18421739748961197,0.4190945792888672,2.275,True
Mg,CY1A,2,1,0,0.0,0,0.0,0.6060660171779821,0.6060660171779821,1.0,True
Mg,CY1A,2,1,0,0.0,0,0.0,0.6060660171779821,0.6060660171779821,1.0,True
Mg,CY1A,2,1,0,0.0,0,0.0,0.6060660171779821,0.6060660171779821,1.0,True
Mg,CY1A,7,7,1,0.14285714285714285,0,0.0,0.21827009136813988,0.3149325604026018,1.4428571428571428,True
Mg,CY1A,4,6,3,0.75,1,0.16666666666666666,0.30624999999999997,0.8115624999999999,2.65,True
Mg,CY1A,3,3,1,0.3333333333333333,0,0.0,0.41031336922528344,0.6701785030679629,1.633333333333333,True
Mg,CY1A,5,7,3,0.6,1,0.14285714285714285,0.27938383802778455,0.6984595950694614,2.5,True
Mg,CY1A,3,3,1,0.3333333333333333,0,0.0,0.41031336922528344,0.6701785030679629,1.633333333333333,True
Mg,CY1A,8,9,2,0.25,0,0.0,0.18152393520795354,0.335819280134714,1.8499999999999999,True
Mg,CY1A,3,3,1,0.3333333333333333,0,0.0,0.41031336922528344,0.6701785030679629,1.633333333333333,True
Mg,CY1A,5,5,1,0.2,0,0.0,0.2582639938968138,0.38739599084522075,1.5,True
Mg,CY1A,7,9,3,0.42857142857142855,1,0.1111111111111111,0.2014357257727055,0.4690574757278713,2.3285714285714283,True
Mg,CY1A,3,3,1,0.3333333333333333,0,0.0,0.41031336922528344,0.6701785030679629,1.633333333333333,True
Mg,CY1A,4,6,3,0.75,1,0.16666666666666666,0.30624999999999997,0.8115624999999999,2.65,True
Mg,CY1A,7,8,2,0.2857142857142857,0,0.0,0.25825112681956014,0.4869878391454562,1.8857142857142855,True
Mg,CY1A,2,1,0,0.0,0,0.0,0.6060660171779821,0.6060660171779821,1.0,True
Mg,CY1A,2,1,0,0.0,0,0.0,0.6060660171779821,0.6060660171779821,1.0,True
Mg,CY1A,2,1,0,0.0,0,0.0,0.6060660171779821,0.6060660171779821,1.0,True
Mg,CY1A,2,1,0,0.0,0,0.0,0.6060660171779821,0.6060660171779821,1.0,True
Mg,CY1A,8,10,3,0.375,1,0.1,0.1702671739202708,0.38735782066861607,2.275,True
Mg,CY1A,5,6,2,0.4,1,0.16666666666666666,0.27938383802778455,0.5587676760555691,2.0,True
Mg,CY1A,2,1,0,0.0,0,0.0,0.6060660171779821,0.6060660171779821,1.0,True
Mg,CY1A,2,1,0,0.0,0,0.0,0.6060660171779821,0.6060660171779821,1.0,True
Mg,CY1A,2,1,0,0.0,0,0.0,0.6060660171779821,0.6060660171779821,1.0,True
Mg,CY1A,2,1,0,0.0,0,0.0,0.6060660171779821,0.6060660171779821,1.0,True
Mg,CY1A,5,5,1,0.2,0,0.0,0.27938383802778455,0.4190757570416768,1.5,True
Mg,CY1A,7,8,2,0.2857142857142857,1,0.125,0.21430351802207376,0.4041152054130534,1.885714285714286,True
Mg,CY1A,2,1,0,0.0,0,0.0,0.6060660171779821,0.6060660171779821,1.0,True
Mg,CY1A,2,1,0,0.0,0,0.0,0.6060660171779821,0.6060660171779821,1.0,True
Mg,CY1A,8,9,2,0.25,0,0.0,0.219435473958481,0.40595562682318986,1.85,True
Mg,CY1A,5,7,3,0.6,1,0.14285714285714285,0.2582639938968138,0.6456599847420346,2.5,True
Mg,CY1A,2,1,0,0.0,0,0.0,0.6060660171779821,0.6060660171779821,1.0,True
Mg,CY1A,7,8,2,0.2857142857142857,0,0.0,0.1969213468668759,0.371337396948966,1.885714285714286,True
Mg,CY1A,3,3,1,0.3333333333333333,0,0.0,0.41031336922528344,0.6701785030679629,1.633333333333333,True
Mg,CY1A,2,1,0,0.0,0,0.0,0.6060660171779821,0.6060660171779821,1.0,True
Mg,CY1A,7,7,1,0.14285714285714285,0,0.0,0.23419170196841693,0.3379051699830016,1.4428571428571428,True
Mg,CY1A,2,1,0,0.0,0,0.0,0.6060660171779821,0.6060660171779821,1.0,True
Mg,CY1A,2,1,0,0.0,0,0.0,0.6060660171779821,0.6060660171779821,1.0,True
Mg,CY1A,2,1,0,0.0,0,0.0,0.6060660171779821,0.6060660171779821,1.0,True
Mg,CY1A,5,7,3,0.6,0,0.0,0.2582639938968138,0.6456599847420346,2.5,True
Mg,CY1A,4,5,2,0.5,0,0.0,0.30624999999999997,0.643125,2.1,True
Mg,CY1A,8,10,3,0.375,1,0.1,0.173556230882127,0.39484042525683893,2.2750000000000004,True
Mg,CY1A,3,3,1,0.3333333333333333,0,0.0,0.41031336922528344,0.6701785030679629,1.633333333333333,True
Mg,CY1A,7,9,3,0.42857142857142855,1,0.1111111111111111,0.20408010800341625,0.4752151086365264,2.3285714285714283,True
Mg,CY1A,3,3,1,0.3333333333333333,0,0.0,0.41031336922528344,0.6701785030679629,1.633333333333333,True
Mg,CY1A,8,10,3,0.375,1,0.1,0.16892792604229287,0.3843110317462162,2.2749999999999995,True
Mg,CY1A,4,6,3,0.75,1,0.16666666666666666,0.30624999999999997,0.8115624999999999,2.65,True
Mg,CY1A,2,1,0,0.0,0,0.0,0.6060660171779821,0.6060660171779821,1.0,True
Mg,CY1A,2,1,0,0.0,0,0.0,0.6060660171779821,0.6060660171779821,1.0,True
Mg,CY1A,8,10,3,0.375,1,0.1,0.2098536728023885,0.47741710562543377,2.2749999999999995,True
Mg,CY1A,5,7,3,0.6,0,0.0,0.2582639938968138,0.6456599847420346,2.5,True
Mg,CY1A,3,3,1,0.3333333333333333,0,0.0,0.41031336922528344,0.6701785030679629,1.633333333333333,True
Mg,CY1A,3,3,1,0.3333333333333333,0,0.0,0.41031336922528344,0.6701785030679629,1.633333333333333,True
Mg,CY1A,4,6,3,0.75,1,0.16666666666666666,0.30624999999999997,0.8115624999999999,2.65,True
Mg,CY1A,2,1,0,0.0,0,0.0,0.6060660171779821,0.6060660171779821,1.0,True
Mg,CY1A,4,6,3,0.75,1,0.16666666666666666,0.30624999999999997,0.8115624999999999,2.65,True
Mg,CY1A,2,1,0,0.0,0,0.0,0.6060660171779821,0.6060660171779821,1.0,True
Mg,CY1A,2,1,0,0.0,0,0.0,0.6060660171779821,0.6060660171779821,1.0,True
Mg,CY1A,2,1,0,0.0,0,0.0,0.6060660171779821,0.6060660171779821,1.0,True
Mg,CY1A,8,10,3,0.375,0,0.0,0.173556230882127,0.39484042525683893,2.2750000000000004,True
Mg,CY1A,2,1,0,0.0,0,0.0,0.6060660171779821,0.6060660171779821,1.0,True
Mg,CY1A,2,1,0,0.0,0,0.0,0.6060660171779821,0.6060660171779821,1.0,True
Mg,CY1A,2,1,0,0.0,0,0.0,0.6060660171779821,0.6060660171779821,1.0,True
Mg,CY1A,2,1,0,0.0,0,0.0,0.6060660171779821,0.6060660171779821,1.0,True
Mg,CY1A,2,1,0,0.0,0,0.0,0.6060660171779821,0.6060660171779821,1.0,True
Mg,CY1A,7,9,3,0.42857142857142855,1,0.1111111111111111,0.2014357257727055,0.4690574757278713,2.3285714285714283,True
Mg,CY1A,2,1,0,0.0,0,0.0,0.6060660171779821,0.6060660171779821,1.0,True
Mg,CY1A,2,1,0,0.0,0,0.0,0.6060660171779821,0.6060660171779821,1.0,True
Mg,CY1A,2,1,0,0.0,0,0.0,0.6060660171779821,0.6060660171779821,1.0,True
Mg,CY1A,6,8,3,0.5,0,0.0,0.2590691757164943,0.6217660217195863,2.4,True
Mg,CY1A,3,3,1,0.3333333333333333,0,0.0,0.41031336922528344,0.6701785030679629,1.633333333333333,True
Mg,CY1A,4,6,3,0.75,1,0.16666666666666666,0.30624999999999997,0.8115624999999999,2.65,True
Mg,CY1A,6,7,2,0.3333333333333333,0,0.0,0.27643282751412024,0.5344367998606324,1.9333333333333331,True
Mg,CY1A,2,1,0,0.0,0,0.0,0.6060660171779821,0.6060660171779821,1.0,True
Mg,CY1A,8,10,3,0.375,1,0.1,0.2050730502068926,0.46654118922068066,2.275,True
Mg,CY1A,5,5,1,0.2,0,0.0,0.27938383802778455,0.4190757570416768,1.5,True
Mg,CY1A,2,1,0,0.0,0,0.0,0.6060660171779821,0.6060660171779821,1.0,True
Mg,CY1A,8,10,3,0.375,1,0.1,0.18705816453868995,0.4255573243255196,2.275,True
Mg,CY1A,2,1,0,0.0,0,0.0,0.6060660171779821,0.6060660171779821,1.0,True
Mg,CY1A,2,1,0,0.0,0,0.0,0.6060660171779821,0.6060660171779821,1.0,True
Mg,CY1A,4,5,2,0.5,0,0.0,0.33303300858899104,0.6993693180368812,2.1,True
Mg,CY1A,2,1,0,0.0,0,0.0,0.6060660171779821,0.6060660171779821,1.0,True
Mg,CY1A,7,8,2,0.2857142857142857,0,0.0,0.24324684666562052,0.458694053712313,1.8857142857142857,True
Mg,CY1A,2,1,0,0.0,0,0.0,0.6060660171779821,0.6060660171779821,1.0,True
Mg,CY1A,3,3,1,0.3333333333333333,0,0.0,0.41031336922528344,0.6701785030679629,1.633333333333333,True
Mg,CY1A,2,1,0,0.0,0,0.0,0.6060660171779821,0.6060660171779821,1.0,True
Mg,CY1A,8,10,3,0.375,0,0.0,0.1898129481592004,0.4318244570621809,2.275,True
Mg,CY1A,3,3,1,0.3333333333333333,0,0.0,0.41031336922528344,0.6701785030679629,1.633333333333333,True
Mg,CY1A,2,1,0,0.0,0,0.0,0.6060660171779821,0.6060660171779821,1.0,True
Mg,CY1A,2,1,0,0.0,0,0.0,0.6060660171779821,0.6060660171779821,1.0,True
Mg,CY1A,6,8,3,0.5,1,0.125,0.22012578859631673,0.5283018926311601,2.4,True
Mg,CY1A,3,3,1,0.3333333333333333,0,0.0,0.41031336922528344,0.6701785030679629,1.633333333333333,True
Mg,CY1A,2,1,0,0.0,0,0.0,0.6060660171779821,0.6060660171779821,1.0,True
Mg,CY1A,2,1,0,0.0,0,0.0,0.6060660171779821,0.6060660171779821,1.0,True
Mg,CY1A,4,6,3,0.75,1,0.16666666666666666,0.30624999999999997,0.8115624999999999,2.65,True
Mg,CY1A,4,6,3,0.75,1,0.16666666666666666,0.30624999999999997,0.8115624999999999,2.65,True
Mg,CY1A,2,1,0,0.0,0,0.0,0.6060660171779821,0.6060660171779821,1.0,True
Ca,CY1A,2,1,0,0.0,0,0.0,0.6060660171779821,0.6060660171779821,1.0,True
Ca,CY1A,2,1,0,0.0,0,0.0,0.6060660171779821,0.6060660171779821,1.0,True
Ca,CY1A,2,1,0,0.0,0,0.0,0.6060660171779821,0.6060660171779821,1.0,True
Ca,CY1A,3,3,1,0.3333333333333333,0,0.0,0.41031336922528344,0.6701785030679629,1.633333333333333,True
Ca,CY1A,7,9,3,0.42857142857142855,0,0.0,0.21827009136813988,0.5082574984715256,2.328571428571428,True
Ca,CY1A,3,3,1,0.3333333333333333,0,0.0,0.41031336922528344,0.6701785030679629,1.633333333333333,True
Ca,CY1A,4,5,2,0.5,0,0.0,0.30624999999999997,0.643125,2.1,True
Ca,CY1A,2,1,0,0.0,0,0.0,0.6060660171779821,0.6060660171779821,1.0,True
Ca,CY1A,2,1,0,0.0,0,0.0,0.6060660171779821,0.6060660171779821,1.0,True
Ca,CY1A,2,1,0,0.0,0,0.0,0.6060660171779821,0.6060660171779821,1.0,True
Ca,CY1A,2,1,0,0.0,0,0.0,0.6060660171779821,0.6060660171779821,1.0,True
Ca,CY1A,2,1,0,0.0,0,0.0,0.6060660171779821,0.6060660171779821,1.0,True
Ca,CY1A,4,6,3,0.75,1,0.16666666666666666,0.30624999999999997,0.8115624999999999,2.65,True
Ca,CY1A,4,5,2,0.5,0,0.0,0.30624999999999997,0.643125,2.1,True
Ca,CY1A,6,8,3,0.5,1,0.125,0.240151358950162,0.5763632614803887,2.3999999999999995,True
Ca,CY1A,2,1,0,0.0,0,0.0,0.6060660171779821,0.6060660171779821,1.0,True
Ca,CY1A,4,6,3,0.75,1,0.16666666666666666,0.30624999999999997,0.8115624999999999,2.65,True
Ca,CY1A,3,3,1,0.3333333333333333,0,0.0,0.41031336922528344,0.6701785030679629,1.633333333333333,True
Ca,CY1A,8,10,3,0.375,0,0.0,0.19543069811217884,0.4446048382052069,2.2750000000000004,True
Ca,CY1A,8,10,3,0.375,0,0.0,0.17176869309137083,0.3907737767828687,2.2750000000000004,True
Ca,CY1A,3,3,1,0.3333333333333333,0,0.0,0.41031336922528344,0.6701785030679629,1.633333333333333,True
Ca,CY1A,2,1,0,0.0,0,0.0,0.6060660171779821,0.6060660171779821,1.0,True
Ca,CY1A,8,8,1,0.125,0,0.0,0.20791381725597052,0.296277189589758,1.425,True
Ca,CY1A,2,1,0,0.0,0,0.0,0.6060660171779821,0.6060660171779821,1.0,True
Ca,CY1A,6,8,3,0.5,0,0.0,0.2237952478840668,0.5371085949217602,2.3999999999999995,True
Ca,CY1A,2,1,0,0.0,0,0.0,0.6060660171779821,0.6060660171779821,1.0,True
Ca,CY1A,2,1,0,0.0,0,0.0,0.6060660171779821,0.6060660171779821,1.0,True
Ca,CY1A,4,6,3,0.75,1,0.16666666666666666,0.30624999999999997,0.8115624999999999,2.65,True
Ca,CY1A,2,1,0,0.0,0,0.0,0.6060660171779821,0.6060660171779821,1.0,True
Ca,CY1A,2,1,0,0.0,0,0.0,0.6060660171779821,0.6060660171779821,1.0,True
Ca,CY1A,3,3,1,0.3333333333333333,0,0.0,0.41031336922528344,0.6701785030679629,1.633333333333333,True
Ca,CY1A,2,1,0,0.0,0,0.0,0.6060660171779821,0.6060660171779821,1.0,True
Ca,CY1A,2,1,0,0.0,0,0.0,0.6060660171779821,0.6060660171779821,1.0,True
Ca,CY1A,2,1,0,0.0,0,0.0,0.6060660171779821,0.6060660171779821,1.0,True
Ca,CY1A,3,3,1,0.3333333333333333,0,0.0,0.41031336922528344,0.6701785030679629,1.633333333333333,True
Ca,CY1A,2,1,0,0.0,0,0.0,0.6060660171779821,0.6060660171779821,1.0,True
Ca,CY1A,4,6,3,0.75,1,0.16666666666666666,0.30624999999999997,0.8115624999999999,2.65,True
Ca,CY1A,7,9,3,0.42857142857142855,1,0.1111111111111111,0.1969213468668759,0.45854542199001097,2.3285714285714283,True
Ca,CY1A,3,3,1,0.3333333333333333,0,0.0,0.41031336922528344,0.6701785030679629,1.633333333333333,True
Ca,CY1A,2,1,0,0.0,0,0.0,0.6060660171779821,0.6060660171779821,1.0,True
Ca,CY1A,4,5,2,0.5,0,0.0,0.33303300858899104,0.6993693180368812,2.1,True
Ca,CY1A,8,10,3,0.375,1,0.1,0.1750017856687341,0.39812906239636997,2.2749999999999995,True
Ca,CY1A,2,1,0,0.0,0,0.0,0.6060660171779821,0.6060660171779821,1.0,True
Ca,CY1A,6,8,3,0.5,0,0.0,0.240151358950162,0.5763632614803887,2.3999999999999995,True
Ca,CY1A,3,3,1,0.3333333333333333,0,0.0,0.41031336922528344,0.6701785030679629,1.633333333333333,True
Ca,CY1A,2,1,0,0.0,0,0.0,0.6060660171779821,0.6060660171779821,1.0,True
Ca,CY1A,5,7,3,0.6,1,0.14285714285714285,0.2582639938968138,0.6456599847420346,2.5,True
Ca,CY1A,5,7,3,0.6,0,0.0,0.27938383802778455,0.6984595950694614,2.5,True
Ca,CY1A,2,1,0,0.0,0,0.0,0.6060660171779821,0.6060660171779821,1.0,True
Ca,CY1A,2,1,0,0.0,0,0.0,0.6060660171779821,0.6060660171779821,1.0,True
Ca,CY1A,2,1,0,0.0,0,0.0,0.6060660171779821,0.6060660171779821,1.0,True
Ca,CY1A,2,1,0,0.0,0,0.0,0.6060660171779821,0.6060660171779821,1.0,True
Ca,CY1A,4,6,3,0.75,1,0.16666666666666666,0.30624999999999997,0.8115624999999999,2.65,True
Ca,CY1A,4,6,3,0.75,1,0.16666666666666666,0.30624999999999997,0.8115624999999999,2.65,True
Ca,CY1A,3,3,1,0.3333333333333333,0,0.0,0.41031336922528344,0.6701785030679629,1.633333333333333,True
Ca,CY1A,8,10,3,0.375,1,0.1,0.18983514744259045,0.4318749604318932,2.275,True
Ca,CY1A,2,1,0,0.0,0,0.0,0.6060660171779821,0.6060660171779821,1.0,True
Ca,CY1A,2,1,0,0.0,0,0.0,0.6060660171779821,0.6060660171779821,1.0,True
Ca,CY1A,5,7,3,0.6,0,0.0,0.24293250516799603,0.6073312629199901,2.5,True
Ca,CY1A,4,6,3,0.75,1,0.16666666666666666,0.30624999999999997,0.8115624999999999,2.65,True
Ca,CY1A,2,1,0,0.0,0,0.0,0.6060660171779821,0.6060660171779821,1.0,True
Ca,CY1A,5,7,3,0.6,1,0.14285714285714285,0.2582639938968138,0.6456599847420346,2.5,True
Ca,CY1A,2,1,0,0.0,0,0.0,0.6060660171779821,0.6060660171779821,1.0,True
Ca,CY1A,4,6,3,0.75,1,0.16666666666666666,0.30624999999999997,0.8115624999999999,2.65,True
Ca,CY1A,3,3,1,0.3333333333333333,0,0.0,0.41031336922528344,0.6701785030679629,1.633333333333333,True
Ca,CY1A,2,1,0,0.0,0,0.0,0.6060660171779821,0.6060660171779821,1.0,True
Ca,CY1A,2,1,0,0.0,0,0.0,0.6060660171779821,0.6060660171779821,1.0,True
Ca,CY1A,4,6,3,0.75,1,0.16666666666666666,0.30624999999999997,0.8115624999999999,2.65,True
Ca,CY1A,2,1,0,0.0,0,0.0,0.6060660171779821,0.6060660171779821,1.0,True
Ca,CY1A,2,1,0,0.0,0,0.0,0.6060660171779821,0.6060660171779821,1.0,True
Ca,CY1A,2,1,0,0.0,0,0.0,0.6060660171779821,0.6060660171779821,1.0,True
Ca,CY1A,4,5,2,0.5,0,0.0,0.30624999999999997,0.643125,2.1,True
Ca,CY1A,4,6,3,0.75,1,0.16666666666666666,0.30624999999999997,0.8115624999999999,2.65,True
Ca,CY1A,2,1,0,0.0,0,0.0,0.6060660171779821,0.6060660171779821,1.0,True
Ca,CY1A,2,1,0,0.0,0,0.0,0.6060660171779821,0.6060660171779821,1.0,True
Ca,CY1A,2,1,0,0.0,0,0.0,0.6060660171779821,0.6060660171779821,1.0,True
Ca,CY1A,3,3,1,0.3333333333333333,0,0.0,0.41031336922528344,0.6701785030679629,1.633333333333333,True
Ca,CY1A,8,10,3,0.375,1,0.1,0.18705816453868995,0.4255573243255196,2.275,True
Ca,CY1A,2,1,0,0.0,0,0.0,0.6060660171779821,0.6060660171779821,1.0,True
Ca,CY1A,5,7,3,0.6,0,0.0,0.2582639938968138,0.6456599847420346,2.5,True
Ca,CY1A,2,1,0,0.0,0,0.0,0.6060660171779821,0.6060660171779821,1.0,True
Ca,CY1A,4,6,3,0.75,1,0.16666666666666666,0.30624999999999997,0.8115624999999999,2.65,True
Ca,CY1A,2,1,0,0.0,0,0.0,0.6060660171779821,0.6060660171779821,1.0,True
Ca,CY1A,8,10,3,0.375,1,0.1,0.2249900578046398,0.5118523815055555,2.2749999999999995,True
Ca,CY1A,5,6,2,0.4,0,0.0,0.2582639938968138,0.5165279877936276,2.0,True
Ca,CY1A,3,3,1,0.3333333333333333,0,0.0,0.41031336922528344,0.6701785030679629,1.633333333333333,True
Ca,CY1A,2,1,0,0.0,0,0.0,0.6060660171779821,0.6060660171779821,1.0,True
Ca,CY1A,2,1,0,0.0,0,0.0,0.6060660171779821,0.6060660171779821,1.0,True
Ca,CY1A,5,7,3,0.6,1,0.14285714285714285,0.24293250516799603,0.6073312629199901,2.5,True
Ca,CY1A,2,1,0,0.0,0,0.0,0.6060660171779821,0.6060660171779821,1.0,True
Ca,CY1A,2,1,0,0.0,0,0.0,0.6060660171779821,0.6060660171779821,1.0,True
Ca,CY1A,7,9,3,0.42857142857142855,1,0.1111111111111111,0.20408010800341625,0.4752151086365264,2.3285714285714283,True
Ca,CY1A,3,3,1,0.3333333333333333,0,0.0,0.41031336922528344,0.6701785030679629,1.633333333333333,True
Ca,CY1A,6,8,3,0.5,0,0.0,0.22012578859631673,0.5283018926311601,2.4,True
Ca,CY1A,7,8,2,0.2857142857142857,0,0.0,0.20804668134948237,0.3923165991161668,1.885714285714286,True
Ca,CY1A,3,3,1,0.3333333333333333,0,0.0,0.41031336922528344,0.6701785030679629,1.633333333333333,True
Ca,CY1A,8,10,3,0.375,1,0.1,0.18813068721314366,0.4279973134099018,2.275,True
Ca,CY1A,8,9,2,0.25,0,0.0,0.19265371520827837,0.356409373135315,1.85,True
Ca,CY1A,8,10,3,0.375,0,0.0,0.1750017856687341,0.39812906239636997,2.2749999999999995,True
Ca,CY1A,5,6,2,0.4,0,0.0,0.2735954826256316,0.5471909652512632,2.0,True
Ca,CY1A,8,10,3,0.375,0,0.0,0.1702671739202708,0.38735782066861607,2.275,True
Ca,CY1A,8,10,3,0.375,0,0.0,0.18152393520795354,0.4129669525980943,2.275,True
Ca,CY1A,2,1,0,0.0,0,0.0,0.6060660171779821,0.6060660171779821,1.0,True
Ca,CY1A,3,3,1,0.3333333333333333,0,0.0,0.41031336922528344,0.6701785030679629,1.633333333333333,True
Ca,CY1A,2,1,0,0.0,0,0.0,0.6060660171779821,0.6060660171779821,1.0,True
Ca,CY1A,2,1,0,0.0,0,0.0,0.6060660171779821,0.6060660171779821,1.0,True
Ca,CY1A,2,1,0,0.0,0,0.0,0.6060660171779821,0.6060660171779821,1.0,True
Ca,CY1A,3,3,1,0.3333333333333333,0,0.0,0.41031336922528344,0.6701785030679629,1.633333333333333,True
Ca,CY1A,7,7,1,0.14285714285714285,0,0.0,0.19295477352080978,0.2784061732228827,1.4428571428571428,True
Ca,CY1A,8,10,3,0.375,0,0.0,0.219435473958481,0.4992157032555443,2.275,True
Ca,CY1A,8,10,3,0.375,1,0.1,0.17891507539226575,0.40703179651740456,2.275,True
Ca,CY1A,2,1,0,0.0,0,0.0,0.6060660171779821,0.6060660171779821,1.0,True
Ca,CY1A,2,1,0,0.0,0,0.0,0.6060660171779821,0.6060660171779821,1.0,True
Ca,CY1A,8,10,3,0.375,1,0.1,0.17216101861965613,0.39166631735971774,2.2750000000000004,True
Ca,CY1A,6,6,1,0.16666666666666666,0,0.0,0.2540160931574089,0.3725569366308664,1.4666666666666668,True
Ca,CY1A,3,3,1,0.3333333333333333,0,0.0,0.41031336922528344,0.6701785030679629,1.633333333333333,True
Ca,CY1A,7,8,2,0.2857142857142857,0,0.0,0.19295477352080978,0.3638575729249555,1.8857142857142855,True
Ca,CY1A,2,1,0,0.0,0,0.0,0.6060660171779821,0.6060660171779821,1.0,True
Ca,CY1A,2,1,0,0.0,0,0.0,0.6060660171779821,0.6060660171779821,1.0,True
Ca,CY1A,5,7,3,0.6,1,0.14285714285714285,0.2582639938968138,0.6456599847420346,2.5,True
Ca,CY1A,5,7,3,0.6,0,0.0,0.2582639938968138,0.6456599847420346,2.5,True
Ca,CY1A,7,9,3,0.42857142857142855,0,0.0,0.22214760268068068,0.5172865605278707,2.3285714285714283,True
Ca,CY1A,4,4,1,0.25,0,0.0,0.30624999999999997,0.47468749999999993,1.55,True
Ca,CY1A,8,10,3,0.375,1,0.1,0.219435473958481,0.4992157032555443,2.275,True
Ca,CY1A,2,1,0,0.0,0,0.0,0.6060660171779821,0.6060660171779821,1.0,True
Ca,CY1A,3,3,1,0.3333333333333333,0,0.0,0.41031336922528344,0.6701785030679629,1.633333333333333,True
Ca,CY1A,2,1,0,0.0,0,0.0,0.6060660171779821,0.6060660171779821,1.0,True
Ca,CY1A,2,1,0,0.0,0,0.0,0.6060660171779821,0.6060660171779821,1.0,True
Ca,CY1A,3,3,1,0.3333333333333333,0,0.0,0.41031336922528344,0.6701785030679629,1.633333333333333,True
Ca,CY1A,4,6,3,0.75,1,0.16666666666666666,0.30624999999999997,0.8115624999999999,2.65,True
Ca,CY1A,2,1,0,0.0,0,0.0,0.6060660171779821,0.6060660171779821,1.0,True
Ca,CY1A,7,9,3,0.42857142857142855,1,0.1111111111111111,0.20408010800341625,0.4752151086365264,2.3285714285714283,True
Ca,CY1A,4,5,2,0.5,0,0.0,0.33303300858899104,0.6993693180368812,2.1,True
Ca,CY1A,2,1,0,0.0,0,0.0,0.6060660171779821,0.6060660171779821,1.0,True
Ca,CY1A,2,1,0,0.0,0,0.0,0.6060660171779821,0.6060660171779821,1.0,True
Ca,CY1A,3,3,1,0.3333333333333333,0,0.0,0.41031336922528344,0.6701785030679629,1.633333333333333,True
Ca,CY1A,8,9,2,0.25,0,0.0,0.19461577003808633,0.3600391745704597,1.8499999999999999,True
Ca,CY1A,4,5,2,0.5,0,0.0,0.30624999999999997,0.643125,2.1,True
Ca,CY1A,2,1,0,0.0,0,0.0,0.6060660171779821,0.6060660171779821,1.0,True
Ca,CY1A,4,6,3,0.75,1,0.16666666666666666,0.30624999999999997,0.8115624999999999,2.65,True
Ca,CY1A,7,8,2,0.2857142857142857,0,0.0,0.20408010800341625,0.38483677509215636,1.8857142857142857,True
Ca,CY1A,2,1,0,0.0,0,0.0,0.6060660171779821,0.6060660171779821,1.0,True
Ca,CY1A,2,1,0,0.0,0,0.0,0.6060660171779821,0.6060660171779821,1.0,True
Ca,CY1A,2,1,0,0.0,0,0.0,0.6060660171779821,0.6060660171779821,1.0,True
Ca,CY1A,2,1,0,0.0,0,0.0,0.6060660171779821,0.6060660171779821,1.0,True
Ca,CY1A,4,6,3,0.75,1,0.16666666666666666,0.30624999999999997,0.8115624999999999,2.65,True
Ca,CY1A,2,1,0,0.0,0,0.0,0.6060660171779821,0.6060660171779821,1.0,True
Ca,CY1A,4,6,3,0.75,1,0.16666666666666666,0.30624999999999997,0.8115624999999999,2.65,True
C,CY1A,3,3,1,0.3333333333333333,0,0.0,0.41031336922528344,0.6701785030679629,1.633333333333333,True
C,CY1A,8,8,1,0.125,0,0.0,0.16419331429382958,0.23397547286870715,1.425,True
C,CY1A,7,9,3,0.42857142857142855,1,0.1111111111111111,0.18634381794403287,0.43391489035539077,2.3285714285714283,True
C,CY1A,6,8,3,0.5,0,0.0,0.21040657306748603,0.5049757753619665,2.4,True
C,CY1A,7,9,3,0.42857142857142855,1,0.1111111111111111,0.18384787243586434,0.4281029029577984,2.3285714285714287,True
C,CY1A,4,5,2,0.5,0,0.0,0.30624999999999997,0.643125,2.1,True
C,CY1A,3,3,1,0.3333333333333333,0,0.0,0.41031336922528344,0.6701785030679629,1.633333333333333,True
C,CY1A,7,9,3,0.42857142857142855,1,0.1111111111111111,0.18384787243586434,0.4281029029577984,2.3285714285714287,True
C,CY1A,4,6,3,0.75,1,0.16666666666666666,0.30624999999999997,0.8115624999999999,2.65,True
C,CY1A,5,7,3,0.6,1,0.14285714285714285,0.24293250516799603,0.6073312629199901,2.5,True
C,CY1A,7,8,2,0.2857142857142857,0,0.0,0.18384787243586434,0.34668455945048704,1.8857142857142857,True
C,CY1A,7,9,3,0.42857142857142855,0,0.0,0.21827009136813988,0.5082574984715256,2.328571428571428,True
C,CY1A,8,10,3,0.375,0,0.0,0.16703408134290754,0.38000253505511467,2.275,True
C,CY1A,7,9,3,0.42857142857142855,1,0.1111111111111111,0.23657164597605662,0.5508739756299603,2.3285714285714283,True
C,CY1A,5,7,3,0.6,0,0.0,0.24293250516799603,0.6073312629199901,2.5,True
C,CY1A,6,6,1,0.16666666666666666,0,0.0,0.2237952478840668,0.32823303022996464,1.4666666666666668,True
C,CY1A,7,9,3,0.42857142857142855,2,0.2222222222222222,0.18384787243586434,0.4281029029577984,2.3285714285714287,True
C,CY1A,6,8,3,0.5,1,0.125,0.21040657306748603,0.5049757753619665,2.4,True
C,CY1A,8,9,2,0.25,0,0.0,0.19222913212374207,0.35562389442892284,1.85,True
C,CY1A,7,9,3,0.42857142857142855,0,0.0,0.20804668134948237,0.4844515579995089,2.3285714285714283,True
C,CY1A,4,6,3,0.75,1,0.16666666666666666,0.30624999999999997,0.8115624999999999,2.65,True
C,CY1A,5,7,3,0.6,0,0.0,0.24293250516799603,0.6073312629199901,2.5,True
C,CY1A,4,4,1,0.25,0,0.0,0.30624999999999997,0.47468749999999993,1.55,True
C,CY1A,6,8,3,0.5,1,0.125,0.22012578859631673,0.5283018926311601,2.4,True
C,CY1A,6,8,3,0.5,0,0.0,0.21040657306748603,0.5049757753619665,2.4,True
C,CY1A,3,3,1,0.3333333333333333,0,0.0,0.41031336922528344,0.6701785030679629,1.633333333333333,True
C,CY1A,5,7,3,0.6,1,0.14285714285714285,0.24293250516799603,0.6073312629199901,2.5,True
C,CY1A,7,7,1,0.14285714285714285,0,0.0,0.18634381794403287,0.2688675087478189,1.442857142857143,True
C,CY1A,6,8,3,0.5,0,0.0,0.20068735753865533,0.4816496580927727,2.3999999999999995,True
C,CY1A,5,5,1,0.2,0,0.0,0.24293250516799603,0.36439875775199404,1.5,True
C,CY1A,4,6,3,0.75,1,0.16666666666666666,0.30624999999999997,0.8115624999999999,2.65,True
C,CY1A,7,9,3,0.42857142857142855,0,0.0,0.18384787243586434,0.4281029029577984,2.3285714285714287,True
C,CY1A,7,9,3,0.42857142857142855,1,0.1111111111111111,0.17723691685908746,0.41270882068616077,2.3285714285714283,True
C,CY1A,3,3,1,0.3333333333333333,0,0.0,0.41031336922528344,0.6701785030679629,1.633333333333333,True
C,CY1A,6,8,3,0.5,1,0.125,0.21040657306748603,0.5049757753619665,2.4,True
C,CY1A,6,8,3,0.5,0,0.0,0.20068735753865533,0.4816496580927727,2.3999999999999995,True
C,CY1A,7,7,1,0.14285714285714285,0,0.0,0.1969213468668759,0.2841293719079209,1.4428571428571428,True
C,CY1A,8,10,3,0.375,1,0.1,0.16419331429382958,0.3735397900184622,2.2749999999999995,True
C,CY1A,8,9,2,0.25,0,0.0,0.16703408134290754,0.309013050484379,1.8500000000000003,True
C,CY1A,7,8,2,0.2857142857142857,1,0.125,0.18634381794403287,0.35139119955160486,1.8857142857142857,True
C,CY1A,6,8,3,0.5,0,0.0,0.21040657306748603,0.5049757753619665,2.4,True
C,CY1A,5,7,3,0.6,1,0.14285714285714285,0.24293250516799603,0.6073312629199901,2.5,True
C,CY1A,2,1,0,0.0,0,0.0,0.6060660171779821,0.6060660171779821,1.0,True
N,CY1A,6,8,3,0.5,0,0.0,0.21040657306748603,0.5049757753619665,2.4,True
N,CY1A,8,9,2,0.25,0,0.0,0.19656700493181006,0.3636489591238486,1.8499999999999999,True
N,CY1A,6,8,3,0.5,0,0.0,0.21040657306748603,0.5049757753619665,2.4,True
N,CY1A,4,6,3,0.75,1,0.16666666666666666,0.30624999999999997,0.8115624999999999,2.65,True
N,CY1A,4,6,3,0.75,1,0.16666666666666666,0.30624999999999997,0.8115624999999999,2.65,True
N,CY1A,7,9,3,0.42857142857142855,1,0.1111111111111111,0.18384787243586434,0.4281029029577984,2.3285714285714287,True
N,CY1A,8,10,3,0.375,0,0.0,0.1702671739202708,0.38735782066861607,2.275,True
N,CY1A,4,6,3,0.75,1,0.16666666666666666,0.30624999999999997,0.8115624999999999,2.65,True
N,CY1A,4,6,3,0.75,1,0.16666666666666666,0.30624999999999997,0.8115624999999999,2.65,True
N,CY1A,5,7,3,0.6,1,0.14285714285714285,0.2582639938968138,0.6456599847420346,2.5,True
N,CY1A,4,6,3,0.75,1,0.16666666666666666,0.30624999999999997,0.8115624999999999,2.65,True
N,CY1A,4,6,3,0.75,1,0.16666666666666666,0.30624999999999997,0.8115624999999999,2.65,True
N,CY1A,4,6,3,0.75,1,0.16666666666666666,0.30624999999999997,0.8115624999999999,2.65,True
N,CY1A,6,8,3,0.5,0,0.0,0.21040657306748603,0.5049757753619665,2.4,True
N,CY1A,6,8,3,0.5,1,0.125,0.2237952478840668,0.5371085949217602,2.3999999999999995,True
N,CY1A,8,9,2,0.25,0,0.0,0.18817669806017628,0.3481268914113262,1.8500000000000003,True
N,CY1A,3,3,1,0.3333333333333333,0,0.0,0.41031336922528344,0.6701785030679629,1.633333333333333,True
N,CY1A,5,7,3,0.6,1,0.14285714285714285,0.2582639938968138,0.6456599847420346,2.5,True
N,CY1A,3,3,1,0.3333333333333333,0,0.0,0.41031336922528344,0.6701785030679629,1.633333333333333,True
N,CY1A,5,7,3,0.6,0,0.0,0.2582639938968138,0.6456599847420346,2.5,True
N,CY1A,5,7,3,0.6,0,0.0,0.24293250516799603,0.6073312629199901,2.5,True
N,CY1A,4,5,2,0.5,0,0.0,0.30624999999999997,0.643125,2.1,True
N,CY1A,5,7,3,0.6,0,0.0,0.2582639938968138,0.6456599847420346,2.5,True
N,CY1A,8,10,3,0.375,1,0.1,0.1750017856687341,0.39812906239636997,2.2749999999999995,True
N,CY1A,5,7,3,0.6,1,0.14285714285714285,0.27938383802778455,0.6984595950694614,2.5,True
N,CY1A,8,9,2,0.25,0,0.0,0.16229946959444425,0.30025401874972185,1.85,True
N,CY1A,3,3,1,0.3333333333333333,0,0.0,0.41031336922528344,0.6701785030679629,1.633333333333333,True
N,CY1A,6,7,2,0.3333333333333333,0,0.0,0.2237952478840668,0.4326708125758625,1.9333333333333333,True
N,CY1A,5,7,3,0.6,1,0.14285714285714285,0.24293250516799603,0.6073312629199901,2.5,True
N,CY1A,6,8,3,0.5,0,0.0,0.21040657306748603,0.5049757753619665,2.4,True
N,CY1A,6,7,2,0.3333333333333333,0,0.0,0.2237952478840668,0.4326708125758625,1.9333333333333333,True
N,CY1A,7,9,3,0.42857142857142855,0,0.0,0.190310391290099,0.44315133971837334,2.3285714285714283,True
N,CY1A,4,6,3,0.75,1,0.16666666666666666,0.30624999999999997,0.8115624999999999,2.65,True
N,CY1A,8,10,3,0.375,1,0.1,0.16419331429382958,0.3735397900184622,2.2749999999999995,True
N,CY1A,8,10,3,0.375,1,0.1,0.16742640687119284,0.38089507563196373,2.275,True
N,CY1A,4,6,3,0.75,1,0.16666666666666666,0.30624999999999997,0.8115624999999999,2.65,True
N,CY1A,2,1,0,0.0,0,0.0,0.6060660171779821,0.6060660171779821,1.0,True
N,CY1A,6,8,3,0.5,0,0.0,0.22012578859631673,0.5283018926311601,2.4,True
N,CY1A,2,1,0,0.0,0,0.0,0.6060660171779821,0.6060660171779821,1.0,True
N,CY1A,7,9,3,0.42857142857142855,1,0.1111111111111111,0.19295477352080978,0.4493089726270284,2.3285714285714283,True
N,CY1A,7,9,3,0.42857142857142855,0,0.0,0.18384787243586434,0.4281029029577984,2.3285714285714287,True
N,CY1A,5,6,2,0.4,0,0.0,0.2582639938968138,0.5165279877936276,2.0,True
N,CY1A,4,6,3,0.75,1,0.16666666666666666,0.30624999999999997,0.8115624999999999,2.65,True
N,CY1A,4,6,3,0.75,1,0.16666666666666666,0.30624999999999997,0.8115624999999999,2.65,True
N,CY1A,5,7,3,0.6,1,0.14285714285714285,0.2582639938968138,0.6456599847420346,2.5,True
N,CY1A,8,10,3,0.375,0,0.0,0.16742640687119284,0.38089507563196373,2.275,True
N,CY1A,8,10,3,0.375,1,0.1,0.1750017856687341,0.39812906239636997,2.2749999999999995,True
N,CY1A,3,3,1,0.3333333333333333,0,0.0,0.41031336922528344,0.6701785030679629,1.633333333333333,True
N,CY1A,4,6,3,0.75,1,0.16666666666666666,0.30624999999999997,0.8115624999999999,2.65,True
N,CY1A,3,3,1,0.3333333333333333,0,0.0,0.41031336922528344,0.6701785030679629,1.633333333333333,True
N,CY1A,5,7,3,0.6,1,0.14285714285714285,0.2582639938968138,0.6456599847420346,2.5,True
N,CY1A,4,6,3,0.75,1,0.16666666666666666,0.30624999999999997,0.8115624999999999,2.65,True
N,CY1A,4,6,3,0.75,1,0.16666666666666666,0.30624999999999997,0.8115624999999999,2.65,True
N,CY1A,3,3,1,0.3333333333333333,0,0.0,0.41031336922528344,0.6701785030679629,1.633333333333333,True
N,CY1A,4,5,2,0.5,0,0.0,0.30624999999999997,0.643125,2.1,True
N,CY1A,3,3,1,0.3333333333333333,0,0.0,0.41031336922528344,0.6701785030679629,1.633333333333333,True
N,CY1A,8,10,3,0.375,1,0.1,0.16240577650307342,0.369473141544492,2.275,True
N,CY1A,8,10,3,0.375,0,0.0,0.1702671739202708,0.38735782066861607,2.275,True
N,CY1A,4,6,3,0.75,1,0.16666666666666666,0.30624999999999997,0.8115624999999999,2.65,True
N,CY1A,2,1,0,0.0,0,0.0,0.6060660171779821,0.6060660171779821,1.0,True
N,CY1A,2,1,0,0.0,0,0.0,0.6060660171779821,0.6060660171779821,1.0,True
N,CY1A,4,6,3,0.75,1,0.16666666666666666,0.30624999999999997,0.8115624999999999,2.65,True
N,CY1A,3,3,1,0.3333333333333333,0,0.0,0.41031336922528344,0.6701785030679629,1.633333333333333,True
N,CY1A,5,7,3,0.6,1,0.14285714285714285,0.2582639938968138,0.6456599847420346,2.5,True
N,CY1A,3,3,1,0.3333333333333333,0,0.0,0.41031336922528344,0.6701785030679629,1.633333333333333,True
N,CY1A,4,6,3,0.75,1,0.16666666666666666,0.30624999999999997,0.8115624999999999,2.65,True
N,CY1A,3,3,1,0.3333333333333333,0,0.0,0.41031336922528344,0.6701785030679629,1.633333333333333,True
N,CY1A,6,8,3,0.5,0,0.0,0.22012578859631673,0.5283018926311601,2.4,True
N,CY1A,3,3,1,0.3333333333333333,0,0.0,0.41031336922528344,0.6701785030679629,1.633333333333333,True
N,CY1A,5,7,3,0.6,1,0.14285714285714285,0.2582639938968138,0.6456599847420346,2.5,True
N,CY1A,5,7,3,0.6,0,0.0,0.2735954826256316,0.6839887065640791,2.5,True
N,CY1A,5,7,3,0.6,1,0.14285714285714285,0.24293250516799603,0.6073312629199901,2.5,True
N,CY1A,4,6,3,0.75,1,0.16666666666666666,0.30624999999999997,0.8115624999999999,2.65,True
N,CY1A,4,6,3,0.75,1,0.16666666666666666,0.30624999999999997,0.8115624999999999,2.65,True
N,CY1A,5,7,3,0.6,0,0.0,0.24293250516799603,0.6073312629199901,2.5,True
N,CY1A,3,3,1,0.3333333333333333,0,0.0,0.41031336922528344,0.6701785030679629,1.633333333333333,True
N,CY1A,4,6,3,0.75,1,0.16666666666666666,0.30624999999999997,0.8115624999999999,2.65,True
N,CY1A,7,9,3,0.42857142857142855,0,0.0,0.18384787243586434,0.4281029029577984,2.3285714285714287,True
N,CY1A,3,3,1,0.3333333333333333,0,0.0,0.41031336922528344,0.6701785030679629,1.633333333333333,True
N,CY1A,3,3,1,0.3333333333333333,0,0.0,0.41031336922528344,0.6701785030679629,1.633333333333333,True
N,CY1A,7,9,3,0.42857142857142855,0,0.0,0.17723691685908746,0.41270882068616077,2.3285714285714283,True
N,CY1A,5,6,2,0.4,0,0.0,0.2582639938968138,0.5165279877936276,2.0,True
N,CY1A,5,7,3,0.6,0,0.0,0.24293250516799603,0.6073312629199901,2.5,True
N,CY1A,4,6,3,0.75,1,0.16666666666666666,0.30624999999999997,0.8115624999999999,2.65,True
N,CY1A,4,5,2,0.5,0,0.0,0.30624999999999997,0.643125,2.1,True
N,CY1A,3,3,1,0.3333333333333333,0,0.0,0.41031336922528344,0.6701785030679629,1.633333333333333,True
N,CY1A,6,6,1,0.16666666666666666,0,0.0,0.2540160931574089,0.3725569366308664,1.4666666666666668,True
N,CY1A,5,7,3,0.6,1,0.14285714285714285,0.2582639938968138,0.6456599847420346,2.5,True
N,CY1A,7,7,1,0.14285714285714285,0,0.0,0.20408010800341625,0.29445844154778633,1.442857142857143,True
N,CY1A,8,9,2,0.25,0,0.0,0.1898129481592004,0.35115395409452077,1.85,True
N,CY1A,8,10,3,0.375,1,0.1,0.1750017856687341,0.39812906239636997,2.2749999999999995,True
N,CY1A,4,6,3,0.75,1,0.16666666666666666,0.30624999999999997,0.8115624999999999,2.65,True
N,CY1A,4,5,2,0.5,0,0.0,0.33303300858899104,0.6993693180368812,2.1,True
N,CY1A,8,10,3,0.375,0,0.0,0.16892792604229287,0.3843110317462162,2.2749999999999995,True
N,CY1A,4,6,3,0.75,1,0.16666666666666666,0.30624999999999997,0.8115624999999999,2.65,True
O,CY1A,3,3,1,0.3333333333333333,0,0.0,0.41031336922528344,0.6701785030679629,1.633333333333333,True
O,CY1A,2,1,0,0.0,0,0.0,0.6060660171779821,0.6060660171779821,1.0,True
O,CY1A,2,1,0,0.0,0,0.0,0.6060660171779821,0.6060660171779821,1.0,True
O,CY1A,6,8,3,0.5,0,0.0,0.2459828882674604,0.590358931841905,2.4000000000000004,True
O,CY1A,6,8,3,0.5,0,0.0,0.22012578859631673,0.5283018926311601,2.4,True
O,CY1A,2,1,0,0.0,0,0.0,0.6060660171779821,0.6060660171779821,1.0,True
O,CY1A,3,3,1,0.3333333333333333,0,0.0,0.41031336922528344,0.6701785030679629,1.633333333333333,True
O,CY1A,2,1,0,0.0,0,0.0,0.6060660171779821,0.6060660171779821,1.0,True
O,CY1A,2,1,0,0.0,0,0.0,0.6060660171779821,0.6060660171779821,1.0,True
O,CY1A,3,3,1,0.3333333333333333,0,0.0,0.41031336922528344,0.6701785030679629,1.633333333333333,True
O,CY1A,5,6,2,0.4,0,0.0,0.2582639938968138,0.5165279877936276,2.0,True
O,CY1A,2,1,0,0.0,0,0.0,0.6060660171779821,0.6060660171779821,1.0,True
O,CY1A,2,1,0,0.0,0,0.0,0.6060660171779821,0.6060660171779821,1.0,True
O,CY1A,8,9,2,0.25,1,0.1111111111111111,0.219435473958481,0.40595562682318986,1.85,True
O,CY1A,2,1,0,0.0,0,0.0,0.6060660171779821,0.6060660171779821,1.0,True
O,CY1A,5,6,2,0.4,1,0.16666666666666666,0.27938383802778455,0.5587676760555691,2.0,True
O,CY1A,7,8,2,0.2857142857142857,0,0.0,0.18384787243586434,0.34668455945048704,1.8857142857142857,True
O,CY1A,2,1,0,0.0,0,0.0,0.6060660171779821,0.6060660171779821,1.0,True
O,CY1A,2,1,0,0.0,0,0.0,0.6060660171779821,0.6060660171779821,1.0,True
O,CY1A,3,3,1,0.3333333333333333,0,0.0,0.41031336922528344,0.6701785030679629,1.633333333333333,True
O,CY1A,8,10,3,0.375,1,0.1,0.21269443985146647,0.4838798506620862,2.275,True
O,CY1A,3,3,1,0.3333333333333333,0,0.0,0.41031336922528344,0.6701785030679629,1.633333333333333,True
O,CY1A,2,1,0,0.0,0,0.0,0.6060660171779821,0.6060660171779821,1.0,True
O,CY1A,2,1,0,0.0,0,0.0,0.6060660171779821,0.6060660171779821,1.0,True
O,CY1A,2,1,0,0.0,0,0.0,0.6060660171779821,0.6060660171779821,1.0,True
O,CY1A,2,1,0,0.0,0,0.0,0.6060660171779821,0.6060660171779821,1.0,True
O,CY1A,6,8,3,0.5,0,0.0,0.240151358950162,0.5763632614803887,2.3999999999999995,True
O,CY1A,2,1,0,0.0,0,0.0,0.6060660171779821,0.6060660171779821,1.0,True
O,CY1A,6,8,3,0.5,1,0.125,0.240151358950162,0.5763632614803887,2.3999999999999995,True
O,CY1A,2,1,0,0.0,0,0.0,0.6060660171779821,0.6060660171779821,1.0,True
O,CY1A,7,9,3,0.42857142857142855,1,0.1111111111111111,0.2020616746057552,0.47051504229625846,2.3285714285714283,True
O,CY1A,8,10,3,0.375,0,0.0,0.18152393520795354,0.4129669525980943,2.275,True
O,CY1A,4,5,2,0.5,0,0.0,0.30624999999999997,0.643125,2.1,True
O,CY1A,2,1,0,0.0,0,0.0,0.6060660171779821,0.6060660171779821,1.0,True
O,CY1A,3,3,1,0.3333333333333333,0,0.0,0.41031336922528344,0.6701785030679629,1.633333333333333,True
O,CY1A,3,3,1,0.3333333333333333,0,0.0,0.41031336922528344,0.6701785030679629,1.633333333333333,True
O,CY1A,2,1,0,0.0,0,0.0,0.6060660171779821,0.6060660171779821,1.0,True
O,CY1A,2,1,0,0.0,0,0.0,0.6060660171779821,0.6060660171779821,1.0,True
O,CY1A,2,1,0,0.0,0,0.0,0.6060660171779821,0.6060660171779821,1.0,True
O,CY1A,2,1,0,0.0,0,0.0,0.6060660171779821,0.6060660171779821,1.0,True
O,CY1A,2,1,0,0.0,0,0.0,0.6060660171779821,0.6060660171779821,1.0,True
O,CY1A,2,1,0,0.0,0,0.0,0.6060660171779821,0.6060660171779821,1.0,True
O,CY1A,8,10,3,0.375,1,0.1,0.1843647022570315,0.41942969763474663,2.275,True
O,CY1A,2,1,0,0.0,0,0.0,0.6060660171779821,0.6060660171779821,1.0,True
O,CY1A,2,1,0,0.0,0,0.0,0.6060660171779821,0.6060660171779821,1.0,True
O,CY1A,3,3,1,0.3333333333333333,0,0.0,0.41031336922528344,0.6701785030679629,1.633333333333333,True
O,CY1A,8,10,3,0.375,1,0.1,0.18152393520795354,0.4129669525980943,2.275,True
O,CY1A,2,1,0,0.0,0,0.0,0.6060660171779821,0.6060660171779821,1.0,True
O,CY1A,2,1,0,0.0,0,0.0,0.6060660171779821,0.6060660171779821,1.0,True
O,CY1A,2,1,0,0.0,0,0.0,0.6060660171779821,0.6060660171779821,1.0,True
O,CY1A,2,1,0,0.0,0,0.0,0.6060660171779821,0.6060660171779821,1.0,True
O,CY1A,2,1,0,0.0,0,0.0,0.6060660171779821,0.6060660171779821,1.0,True
O,CY1A,7,7,1,0.14285714285714285,0,0.0,0.21430351802207376,0.3092093617175636,1.4428571428571428,True
O,CY1A,6,8,3,0.5,1,0.125,0.23351446341289747,0.560434712190954,2.4000000000000004,True
O,CY1A,8,10,3,0.375,0,0.0,0.19372623788273208,0.44072719118321546,2.275,True
O,CY1A,2,1,0,0.0,0,0.0,0.6060660171779821,0.6060660171779821,1.0,True
O,CY1A,3,3,1,0.3333333333333333,0,0.0,0.41031336922528344,0.6701785030679629,1.633333333333333,True
O,CY1A,5,6,2,0.4,0,0.0,0.27938383802778455,0.5587676760555691,2.0,True
O,CY1A,8,10,3,0.375,1,0.1,0.173556230882127,0.39484042525683893,2.2750000000000004,True
O,CY1A,3,3,1,0.3333333333333333,0,0.0,0.41031336922528344,0.6701785030679629,1.633333333333333,True
O,CY1A,7,9,3,0.42857142857142855,0,0.0,0.21827009136813988,0.5082574984715256,2.328571428571428,True
O,CY1A,6,8,3,0.5,1,0.125,0.2237952478840668,0.5371085949217602,2.3999999999999995,True
O,CY1A,2,1,0,0.0,0,0.0,0.6060660171779821,0.6060660171779821,1.0,True
O,CY1A,2,1,0,0.0,0,0.0,0.6060660171779821,0.6060660171779821,1.0,True
O,CY1A,7,9,3,0.42857142857142855,1,0.1111111111111111,0.20408010800341625,0.4752151086365264,2.3285714285714283,True
O,CY1A,6,8,3,0.5,1,0.125,0.22012578859631673,0.5283018926311601,2.4,True
O,CY1A,4,6,3,0.75,1,0.16666666666666666,0.30624999999999997,0.8115624999999999,2.65,True
O,CY1A,2,1,0,0.0,0,0.0,0.6060660171779821,0.6060660171779821,1.0,True
O,CY1A,8,10,3,0.375,1,0.1,0.184217397489612,0.4190945792888673,2.275,True
O,CY1A,3,3,1,0.3333333333333333,0,0.0,0.41031336922528344,0.6701785030679629,1.633333333333333,True
O,CY1A,2,1,0,0.0,0,0.0,0.6060660171779821,0.6060660171779821,1.0,True
O,CY1A,2,1,0,0.0,0,0.0,0.6060660171779821,0.6060660171779821,1.0,True
O,CY1A,5,7,3,0.6,0,0.0,0.27938383802778455,0.6984595950694614,2.5,True
O,CY1A,4,6,3,0.75,1,0.16666666666666666,0.30624999999999997,0.8115624999999999,2.65,True
O,CY1A,2,1,0,0.0,0,0.0,0.6060660171779821,0.6060660171779821,1.0,True
O,CY1A,2,1,0,0.0,0,0.0,0.6060660171779821,0.6060660171779821,1.0,True
O,CY1A,2,1,0,0.0,0,0.0,0.6060660171779821,0.6060660171779821,1.0,True
O,CY1A,7,8,2,0.2857142857142857,0,0.0,0.20804668134948237,0.3923165991161668,1.885714285714286,True
O,CY1A,4,6,3,0.75,1,0.16666666666666666,0.30624999999999997,0.8115624999999999,2.65,True
O,CY1A,3,3,1,0.3333333333333333,0,0.0,0.41031336922528344,0.6701785030679629,1.633333333333333,True
O,CY1A,2,1,0,0.0,0,0.0,0.6060660171779821,0.6060660171779821,1.0,True
O,CY1A,2,1,0,0.0,0,0.0,0.6060660171779821,0.6060660171779821,1.0,True
O,CY1A,8,9,2,0.25,0,0.0,0.22563357140931203,0.4174221071072273,1.8500000000000003,True
O,CY1A,8,9,2,0.25,0,0.0,0.18998245221000992,0.35146753658851837,1.85,True
O,CY1A,2,1,0,0.0,0,0.0,0.6060660171779821,0.6060660171779821,1.0,True
O,CY1A,7,9,3,0.42857142857142855,0,0.0,0.24324684666562052,0.5664176572356592,2.3285714285714283,True
O,CY1A,3,3,1,0.3333333333333333,0,0.0,0.41031336922528344,0.6701785030679629,1.633333333333333,True
O,CY1A,7,9,3,0.42857142857142855,0,0.0,0.19295477352080978,0.4493089726270284,2.3285714285714283,True
O,CY1A,3,3,1,0.3333333333333333,0,0.0,0.41031336922528344,0.6701785030679629,1.633333333333333,True
O,CY1A,2,1,0,0.0,0,0.0,0.6060660171779821,0.6060660171779821,1.0,True
O,CY1A,2,1,0,0.0,0,0.0,0.6060660171779821,0.6060660171779821,1.0,True
O,CY1A,2,1,0,0.0,0,0.0,0.6060660171779821,0.6060660171779821,1.0,True
O,CY1A,5,7,3,0.6,0,0.0,0.27938383802778455,0.6984595950694614,2.5,True
O,CY1A,3,3,1,0.3333333333333333,0,0.0,0.41031336922528344,0.6701785030679629,1.633333333333333,True
O,CY1A,2,1,0,0.0,0,0.0,0.6060660171779821,0.6060660171779821,1.0,True
O,CY1A,3,3,1,0.3333333333333333,0,0.0,0.41031336922528344,0.6701785030679629,1.633333333333333,True
O,CY1A,4,6,3,0.75,1,0.16666666666666666,0.30624999999999997,0.8115624999999999,2.65,True
O,CY1A,4,6,3,0.75,1,0.16666666666666666,0.30624999999999997,0.8115624999999999,2.65,True
O,CY1A,2,1,0,0.0,0,0.0,0.6060660171779821,0.6060660171779821,1.0,True
O,CY1A,2,1,0,0.0,0,0.0,0.6060660171779821,0.6060660171779821,1.0,True
O,CY1A,8,10,3,0.375,1,0.1,0.1843647022570315,0.41942969763474663,2.275,True
O,CY1A,2,1,0,0.0,0,0.0,0.6060660171779821,0.6060660171779821,1.0,True
O,CY1A,4,6,3,0.75,1,0.16666666666666666,0.30624999999999997,0.8115624999999999,2.65,True
O,CY1A,8,10,3,0.375,1,0.1,0.1806195356217125,0.41090944353939596,2.275,True
O,CY1A,2,1,0,0.0,0,0.0,0.6060660171779821,0.6060660171779821,1.0,True
O,CY1A,2,1,0,0.0,0,0.0,0.6060660171779821,0.6060660171779821,1.0,True
O,CY1A,4,6,3,0.75,1,0.16666666666666666,0.30624999999999997,0.8115624999999999,2.65,True
O,CY1A,7,9,3,0.42857142857142855,1,0.1111111111111111,0.1969213468668759,0.45854542199001097,2.3285714285714283,True
O,CY1A,4,6,3,0.75,1,0.16666666666666666,0.30624999999999997,0.8115624999999999,2.65,True
O,CY1A,2,1,0,0.0,0,0.0,0.6060660171779821,0.6060660171779821,1.0,True
O,CY1A,4,6,3,0.75,1,0.16666666666666666,0.30624999999999997,0.8115624999999999,2.65,True
O,CY1A,2,1,0,0.0,0,0.0,0.6060660171779821,0.6060660171779821,1.0,True
O,CY1A,4,6,3,0.75,1,0.16666666666666666,0.30624999999999997,0.8115624999999999,2.65,True
O,CY1A,2,1,0,0.0,0,0.0,0.6060660171779821,0.6060660171779821,1.0,True
O,CY1A,4,6,3,0.75,1,0.16666666666666666,0.30624999999999997,0.8115624999999999,2.65,True
O,CY1A,2,1,0,0.0,0,0.0,0.6060660171779821,0.6060660171779821,1.0,True
O,CY1A,5,7,3,0.6,0,0.0,0.27938383802778455,0.6984595950694614,2.5,True
O,CY1A,3,3,1,0.3333333333333333,0,0.0,0.41031336922528344,0.6701785030679629,1.633333333333333,True
O,CY1A,6,6,1,0.16666666666666666,0,0.0,0.23351446341289747,0.34248787967224964,1.4666666666666668,True
O,CY1A,2,1,0,0.0,0,0.0,0.6060660171779821,0.6060660171779821,1.0,True
O,CY1A,2,1,0,0.0,0,0.0,0.6060660171779821,0.6060660171779821,1.0,True
O,CY1A,2,1,0,0.0,0,0.0,0.6060660171779821,0.6060660171779821,1.0,True
O,CY1A,7,9,3,0.42857142857142855,1,0.1111111111111111,0.2014357257727055,0.4690574757278713,2.3285714285714283,True
O,CY1A,2,1,0,0.0,0,0.0,0.6060660171779821,0.6060660171779821,1.0,True
O,CY1A,2,1,0,0.0,0,0.0,0.6060660171779821,0.6060660171779821,1.0,True
O,CY1A,2,1,0,0.0,0,0.0,0.6060660171779821,0.6060660171779821,1.0,True
O,CY1A,7,9,3,0.42857142857142855,0,0.0,0.20689986642367272,0.48178111752940933,2.3285714285714287,True
O,CY1A,2,1,0,0.0,0,0.0,0.6060660171779821,0.6060660171779821,1.0,True
O,CY1A,3,3,1,0.3333333333333333,0,0.0,0.41031336922528344,0.6701785030679629,1.633333333333333,True
O,CY1A,2,1,0,0.0,0,0.0,0.6060660171779821,0.6060660171779821,1.0,True
O,CY1A,2,1,0,0.0,0,0.0,0.6060660171779821,0.6060660171779821,1.0,True
O,CY1A,2,1,0,0.0,0,0.0,0.6060660171779821,0.6060660171779821,1.0,True
O,CY1A,5,6,2,0.4,0,0.0,0.27938383802778455,0.5587676760555691,2.0,True
O,CY1A,2,1,0,0.0,0,0.0,0.6060660171779821,0.6060660171779821,1.0,True
O,CY1A,4,6,3,0.75,1,0.16666666666666666,0.30624999999999997,0.8115624999999999,2.65,True
O,CY1A,5,6,2,0.4,0,0.0,0.27938383802778455,0.5587676760555691,2.0,True
O,CY1A,2,1,0,0.0,0,0.0,0.6060660171779821,0.6060660171779821,1.0,True
O,CY1A,4,5,2,0.5,0,0.0,0.33303300858899104,0.6993693180368812,2.1,True
O,CY1A,3,3,1,0.3333333333333333,0,0.0,0.41031336922528344,0.6701785030679629,1.633333333333333,True
O,CY1A,4,4,1,0.25,0,0.0,0.36992785792574934,0.5733881797849115,1.55,True
O,CY1A,2,1,0,0.0,0,0.0,0.6060660171779821,0.6060660171779821,1.0,True
O,CY1A,8,10,3,0.375,0,0.0,0.2050730502068926,0.46654118922068066,2.275,True
O,CY1A,2,1,0,0.0,0,0.0,0.6060660171779821,0.6060660171779821,1.0,True
O,CY1A,3,3,1,0.3333333333333333,0,0.0,0.41031336922528344,0.6701785030679629,1.633333333333333,True
O,CY1A,2,1,0,0.0,0,0.0,0.6060660171779821,0.6060660171779821,1.0,True
O,CY1A,2,1,0,0.0,0,0.0,0.6060660171779821,0.6060660171779821,1.0,True
O,CY1A,2,1,0,0.0,0,0.0,0.6060660171779821,0.6060660171779821,1.0,True
O,CY1A,2,1,0,0.0,0,0.0,0.6060660171779821,0.6060660171779821,1.0,True
O,CY1A,8,10,3,0.375,1,0.1,0.21439890008091322,0.4877574976840776,2.275,True
O,CY1A,2,1,0,0.0,0,0.0,0.6060660171779821,0.6060660171779821,1.0,True
O,CY1A,3,3,1,0.3333333333333333,0,0.0,0.41031336922528344,0.6701785030679629,1.633333333333333,True
O,CY1A,5,7,3,0.6,1,0.14285714285714285,0.27938383802778455,0.6984595950694614,2.5,True
O,CY1A,2,1,0,0.0,0,0.0,0.6060660171779821,0.6060660171779821,1.0,True
Si,CY1A,2,1,0,0.0,0,0.0,0.6060660171779821,0.6060660171779821,1.0,True
Si,CY1A,7,9,3,0.42857142857142855,0,0.0,0.17723691685908746,0.41270882068616077,2.3285714285714283,True
Si,CY1A,3,3,1,0.3333333333333333,0,0.0,0.41031336922528344,0.6701785030679629,1.633333333333333,True
Si,CY1A,6,8,3,0.5,0,0.0,0.21040657306748603,0.5049757753619665,2.4,True
Si,CY1A,5,7,3,0.6,1,0.14285714285714285,0.2582639938968138,0.6456599847420346,2.5,True
Si,CY1A,5,6,2,0.4,0,0.0,0.2582639938968138,0.5165279877936276,2.0,True
Si,CY1A,6,8,3,0.5,1,0.125,0.22012578859631673,0.5283018926311601,2.4,True
Si,CY1A,7,9,3,0.42857142857142855,1,0.1111111111111111,0.19295477352080978,0.4493089726270284,2.3285714285714283,True
Si,CY1A,5,7,3,0.6,0,0.0,0.24293250516799603,0.6073312629199901,2.5,True
Si,CY1A,3,3,1,0.3333333333333333,0,0.0,0.41031336922528344,0.6701785030679629,1.633333333333333,True
Si,CY1A,6,8,3,0.5,1,0.125,0.21040657306748603,0.5049757753619665,2.4,True
Si,CY1A,6,8,3,0.5,1,0.125,0.21040657306748603,0.5049757753619665,2.4,True
Si,CY1A,3,3,1,0.3333333333333333,0,0.0,0.41031336922528344,0.6701785030679629,1.633333333333333,True
Si,CY1A,4,6,3,0.75,1,0.16666666666666666,0.30624999999999997,0.8115624999999999,2.65,True
Si,CY1A,4,6,3,0.75,1,0.16666666666666666,0.30624999999999997,0.8115624999999999,2.65,True
Si,CY1A,5,7,3,0.6,0,0.0,0.24293250516799603,0.6073312629199901,2.5,True
Si,CY1A,2,1,0,0.0,0,0.0,0.6060660171779821,0.6060660171779821,1.0,True
Si,CY1A,3,3,1,0.3333333333333333,0,0.0,0.41031336922528344,0.6701785030679629,1.633333333333333,True
Si,CY1A,5,7,3,0.6,0,0.0,0.2582639938968138,0.6456599847420346,2.5,True
Si,CY1A,2,1,0,0.0,0,0.0,0.6060660171779821,0.6060660171779821,1.0,True
Si,CY1A,8,10,3,0.375,0,0.0,0.18152393520795354,0.4129669525980943,2.275,True
Si,CY1A,7,9,3,0.42857142857142855,1,0.1111111111111111,0.19045882801264122,0.4434969852294359,2.3285714285714283,True
Si,CY1A,4,5,2,0.5,0,0.0,0.30624999999999997,0.643125,2.1,True
Si,CY1A,2,1,0,0.0,0,0.0,0.6060660171779821,0.6060660171779821,1.0,True
Si,CY1A,3,3,1,0.3333333333333333,0,0.0,0.41031336922528344,0.6701785030679629,1.633333333333333,True
Si,CY1A,3,3,1,0.3333333333333333,0,0.0,0.41031336922528344,0.6701785030679629,1.633333333333333,True
Si,CY1A,7,9,3,0.42857142857142855,1,0.1111111111111111,0.20602824795182131,0.47975149165924097,2.3285714285714283,True
Si,CY1A,7,8,2,0.2857142857142857,0,0.0,0.20689986642367272,0.3901540338274972,1.885714285714286,True
Si,CY1A,3,3,1,0.3333333333333333,0,0.0,0.41031336922528344,0.6701785030679629,1.633333333333333,True
Si,CY1A,2,1,0,0.0,0,0.0,0.6060660171779821,0.6060660171779821,1.0,True
Si,CY1A,3,3,1,0.3333333333333333,0,0.0,0.41031336922528344,0.6701785030679629,1.633333333333333,True
Si,CY1A,6,8,3,0.5,1,0.125,0.22962677720136518,0.5511042652832764,2.4,True
Si,CY1A,4,6,3,0.75,1,0.16666666666666666,0.30624999999999997,0.8115624999999999,2.65,True
Si,CY1A,8,10,3,0.375,0,0.0,0.17891507539226575,0.40703179651740456,2.275,True
Si,CY1A,3,3,1,0.3333333333333333,0,0.0,0.41031336922528344,0.6701785030679629,1.633333333333333,True
Si,CY1A,6,6,1,0.16666666666666666,0,0.0,0.2237952478840668,0.32823303022996464,1.4666666666666668,True
Si,CY1A,5,7,3,0.6,0,0.0,0.2582639938968138,0.6456599847420346,2.5,True
Si,CY1A,5,7,3,0.6,1,0.14285714285714285,0.24293250516799603,0.6073312629199901,2.5,True
Si,CY1A,7,9,3,0.42857142857142855,1,0.1111111111111111,0.18384787243586434,0.4281029029577984,2.3285714285714287,True
Si,CY1A,5,7,3,0.6,0,0.0,0.2582639938968138,0.6456599847420346,2.5,True
Si,CY1A,4,5,2,0.5,0,0.0,0.33303300858899104,0.6993693180368812,2.1,True
Si,CY1A,8,10,3,0.375,1,0.1,0.17176869309137083,0.3907737767828687,2.2750000000000004,True
Si,CY1A,3,3,1,0.3333333333333333,0,0.0,0.41031336922528344,0.6701785030679629,1.633333333333333,True
Si,CY1A,4,6,3,0.75,1,0.16666666666666666,0.30624999999999997,0.8115624999999999,2.65,True
Si,CY1A,3,3,1,0.3333333333333333,0,0.0,0.41031336922528344,0.6701785030679629,1.633333333333333,True
Si,CY1A,7,9,3,0.42857142857142855,1,0.1111111111111111,0.17723691685908746,0.41270882068616077,2.3285714285714283,True
Si,CY1A,3,3,1,0.3333333333333333,0,0.0,0.41031336922528344,0.6701785030679629,1.633333333333333,True
Si,CY1A,6,8,3,0.5,0,0.0,0.21040657306748603,0.5049757753619665,2.4,True
Si,CY1A,8,10,3,0.375,0,0.0,0.19265371520827837,0.43828720209883326,2.275,True
Si,CY1A,2,1,0,0.0,0,0.0,0.6060660171779821,0.6060660171779821,1.0,True
Si,CY1A,3,3,1,0.3333333333333333,0,0.0,0.41031336922528344,0.6701785030679629,1.633333333333333,True
Si,CY1A,7,9,3,0.42857142857142855,1,0.1111111111111111,0.190310391290099,0.44315133971837334,2.3285714285714283,True
Si,CY1A,5,7,3,0.6,0,0.0,0.24293250516799603,0.6073312629199901,2.5,True
Si,CY1A,2,1,0,0.0,0,0.0,0.6060660171779821,0.6060660171779821,1.0,True
Si,CY1A,2,1,0,0.0,0,0.0,0.6060660171779821,0.6060660171779821,1.0,True
Si,CY1A,2,1,0,0.0,0,0.0,0.6060660171779821,0.6060660171779821,1.0,True
Si,CY1A,4,6,3,0.75,1,0.16666666666666666,0.30624999999999997,0.8115624999999999,2.65,True
Si,CY1A,8,9,2,0.25,0,0.0,0.1702671739202708,0.314994271752501,1.85,True
Si,CY1A,6,8,3,0.5,0,0.0,0.21040657306748603,0.5049757753619665,2.4,True
Si,CY1A,8,10,3,0.375,2,0.2,0.184217397489612,0.4190945792888673,2.275,True
Si,CY1A,3,3,1,0.3333333333333333,0,0.0,0.41031336922528344,0.6701785030679629,1.633333333333333,True
Si,CY1A,6,8,3,0.5,1,0.125,0.22012578859631673,0.5283018926311601,2.4,True
Si,CY1A,5,7,3,0.6,0,0.0,0.24293250516799603,0.6073312629199901,2.5,True
Si,CY1A,4,6,3,0.75,1,0.16666666666666666,0.30624999999999997,0.8115624999999999,2.65,True
Si,CY1A,8,10,3,0.375,0,0.0,0.16240577650307342,0.369473141544492,2.275,True
Si,CY1A,2,1,0,0.0,0,0.0,0.6060660171779821,0.6060660171779821,1.0,True
Si,CY1A,3,3,1,0.3333333333333333,0,0.0,0.41031336922528344,0.6701785030679629,1.633333333333333,True
Si,CY1A,6,8,3,0.5,1,0.125,0.21040657306748603,0.5049757753619665,2.4,True
Si,CY1A,6,8,3,0.5,1,0.125,0.22012578859631673,0.5283018926311601,2.4,True
Si,CY1A,8,10,3,0.375,1,0.1,0.20115976048336093,0.45763845509964607,2.275,True
Si,CY1A,3,3,1,0.3333333333333333,0,0.0,0.41031336922528344,0.6701785030679629,1.633333333333333,True
Si,CY1A,7,9,3,0.42857142857142855,1,0.1111111111111111,0.1969213468668759,0.45854542199001097,2.3285714285714283,True
Si,CY1A,7,6,0,0.0,0,0.0,0.21827009136813988,0.21827009136813988,1.0,True
Si,CY1A,2,1,0,0.0,0,0.0,0.6060660171779821,0.6060660171779821,1.0,True
Si,CY1A,4,6,3,0.75,1,0.16666666666666666,0.30624999999999997,0.8115624999999999,2.65,True
Si,CY1A,7,9,3,0.42857142857142855,1,0.1111111111111111,0.19045882801264122,0.4434969852294359,2.3285714285714283,True
Si,CY1A,5,7,3,0.6,1,0.14285714285714285,0.2582639938968138,0.6456599847420346,2.5,True
Si,CY1A,4,6,3,0.75,1,0.16666666666666666,0.30624999999999997,0.8115624999999999,2.65,True
Si,CY1A,4,6,3,0.75,1,0.16666666666666666,0.30624999999999997,0.8115624999999999,2.65,True
Si,CY1A,6,7,2,0.3333333333333333,0,0.0,0.21040657306748603,0.40678604126380635,1.9333333333333336,True
Si,CY1A,5,7,3,0.6,1,0.14285714285714285,0.2582639938968138,0.6456599847420346,2.5,True
Si,CY1A,4,6,3,0.75,1,0.16666666666666666,0.30624999999999997,0.8115624999999999,2.65,True
Si,CY1A,2,1,0,0.0,0,0.0,0.6060660171779821,0.6060660171779821,1.0,True
Si,CY1A,2,1,0,0.0,0,0.0,0.6060660171779821,0.6060660171779821,1.0,True
Si,CY1A,6,8,3,0.5,0,0.0,0.2459828882674604,0.590358931841905,2.4000000000000004,True
Si,CY1A,6,8,3,0.5,1,0.125,0.21040657306748603,0.5049757753619665,2.4,True
Si,CY1A,8,10,3,0.375,1,0.1,0.1898129481592004,0.4318244570621809,2.275,True
Si,CY1A,6,6,1,0.16666666666666666,0,0.0,0.22012578859631673,0.32285115660793123,1.4666666666666668,True
Si,CY1A,5,6,2,0.4,0,0.0,0.24293250516799603,0.48586501033599205,2.0,True
Si,CY1A,3,3,1,0.3333333333333333,0,0.0,0.41031336922528344,0.6701785030679629,1.633333333333333,True
Si,CY1A,4,6,3,0.75,1,0.16666666666666666,0.30624999999999997,0.8115624999999999,2.65,True
Si,CY1A,3,3,1,0.3333333333333333,0,0.0,0.41031336922528344,0.6701785030679629,1.633333333333333,True
Si,CY1A,6,6,1,0.16666666666666666,0,0.0,0.2237952478840668,0.32823303022996464,1.4666666666666668,True
Si,CY1A,6,8,3,0.5,1,0.125,0.21040657306748603,0.5049757753619665,2.4,True
Si,CY1A,3,3,1,0.3333333333333333,0,0.0,0.41031336922528344,0.6701785030679629,1.633333333333333,True
Si,CY1A,6,8,3,0.5,0,0.0,0.21040657306748603,0.5049757753619665,2.4,True
Si,CY1A,3,3,1,0.3333333333333333,0,0.0,0.41031336922528344,0.6701785030679629,1.633333333333333,True
Si,CY1A,3,3,1,0.3333333333333333,0,0.0,0.41031336922528344,0.6701785030679629,1.633333333333333,True
Si,CY1A,2,1,0,0.0,0,0.0,0.6060660171779821,0.6060660171779821,1.0,True
Si,CY1A,3,3,1,0.3333333333333333,0,0.0,0.41031336922528344,0.6701785030679629,1.633333333333333,True
Si,CY1A,5,7,3,0.6,1,0.14285714285714285,0.2582639938968138,0.6456599847420346,2.5,True
Si,CY1A,8,8,1,0.125,0,0.0,0.16419331429382958,0.23397547286870715,1.425,True
Si,CY1A,2,1,0,0.0,0,0.0,0.6060660171779821,0.6060660171779821,1.0,True
Si,CY1A,4,6,3,0.75,1,0.16666666666666666,0.30624999999999997,0.8115624999999999,2.65,True
Si,CY1A,4,6,3,0.75,1,0.16666666666666666,0.30624999999999997,0.8115624999999999,2.65,True
Si,CY1A,8,10,3,0.375,0,0.0,0.17639699793120495,0.4013031702934913,2.275,True
Si,CY1A,3,3,1,0.3333333333333333,0,0.0,0.41031336922528344,0.6701785030679629,1.633333333333333,True
Si,CY1A,6,7,2,0.3333333333333333,1,0.14285714285714285,0.22962677720136518,0.44394510258930603,1.9333333333333333,True
Si,CY1A,5,6,2,0.4,0,0.0,0.24293250516799603,0.48586501033599205,2.0,True
Si,CY1A,3,3,1,0.3333333333333333,0,0.0,0.41031336922528344,0.6701785030679629,1.633333333333333,True
Si,CY1A,3,3,1,0.3333333333333333,0,0.0,0.41031336922528344,0.6701785030679629,1.633333333333333,True
Si,CY1A,4,6,3,0.75,1,0.16666666666666666,0.30624999999999997,0.8115624999999999,2.65,True
Si,CY1A,8,10,3,0.375,1,0.1,0.16240577650307342,0.369473141544492,2.275,True
Si,CY1A,3,3,1,0.3333333333333333,0,0.0,0.41031336922528344,0.6701785030679629,1.633333333333333,True
Si,CY1A,5,7,3,0.6,1,0.14285714285714285,0.2582639938968138,0.6456599847420346,2.5,True
Si,CY1A,2,1,0,0.0,0,0.0,0.6060660171779821,0.6060660171779821,1.0,True
Si,CY1A,5,7,3,0.6,0,0.0,0.2582639938968138,0.6456599847420346,2.5,True
Si,CY1A,2,1,0,0.0,0,0.0,0.6060660171779821,0.6060660171779821,1.0,True
Si,CY1A,8,10,3,0.375,0,0.0,0.173556230882127,0.39484042525683893,2.2750000000000004,True
Si,CY1A,6,8,3,0.5,1,0.125,0.21040657306748603,0.5049757753619665,2.4,True
Si,CY1A,4,6,3,0.75,1,0.16666666666666666,0.30624999999999997,0.8115624999999999,2.65,True
Si,CY1A,7,8,2,0.2857142857142857,0,0.0,0.19295477352080978,0.3638575729249555,1.8857142857142855,True
Si,CY1A,2,1,0,0.0,0,0.0,0.6060660171779821,0.6060660171779821,1.0,True
Si,CY1A,5,7,3,0.6,0,0.0,0.24293250516799603,0.6073312629199901,2.5,True
Si,CY1A,3,3,1,0.3333333333333333,0,0.0,0.41031336922528344,0.6701785030679629,1.633333333333333,True
Si,CY1A,8,10,3,0.375,1,0.1,0.18705816453868995,0.4255573243255196,2.275,True
Si,CY1A,6,8,3,0.5,0,0.0,0.22012578859631673,0.5283018926311601,2.4,True
Si,CY1A,3,3,1,0.3333333333333333,0,0.0,0.41031336922528344,0.6701785030679629,1.633333333333333,True
Si,CY1A,7,9,3,0.42857142857142855,0,0.0,0.17723691685908746,0.41270882068616077,2.3285714285714283,True
Si,CY1A,6,8,3,0.5,1,0.125,0.21040657306748603,0.5049757753619665,2.4,True
Si,CY1A,5,6,2,0.4,0,0.0,0.24293250516799603,0.48586501033599205,2.0,True
Si,CY1A,8,10,3,0.375,2,0.2,0.173556230882127,0.39484042525683893,2.2750000000000004,True
Si,CY1A,3,3,1,0.3333333333333333,0,0.0,0.41031336922528344,0.6701785030679629,1.633333333333333,True
Si,CY1A,3,3,1,0.3333333333333333,0,0.0,0.41031336922528344,0.6701785030679629,1.633333333333333,True
Si,CY1A,6,8,3,0.5,1,0.125,0.22012578859631673,0.5283018926311601,2.4,True
Si,CY1A,4,6,3,0.75,1,0.16666666666666666,0.30624999999999997,0.8115624999999999,2.65,True
Si,CY1A,7,9,3,0.42857142857142855,0,0.0,0.2014357257727055,0.4690574757278713,2.3285714285714283,True
Si,CY1A,3,3,1,0.3333333333333333,0,0.0,0.41031336922528344,0.6701785030679629,1.633333333333333,True
Si,CY1A,5,7,3,0.6,0,0.0,0.2582639938968138,0.6456599847420346,2.5,True
Si,CY1A,3,3,1,0.3333333333333333,0,0.0,0.41031336922528344,0.6701785030679629,1.633333333333333,True
Si,CY1A,3,3,1,0.3333333333333333,0,0.0,0.41031336922528344,0.6701785030679629,1.633333333333333,True
Si,CY1A,6,8,3,0.5,0,0.0,0.2237952478840668,0.5371085949217602,2.3999999999999995,True
Si,CY1A,7,9,3,0.42857142857142855,0,0.0,0.20602824795182131,0.47975149165924097,2.3285714285714283,True
Si,CY1A,5,7,3,0.6,0,0.0,0.2582639938968138,0.6456599847420346,2.5,True
Si,CY1A,5,7,3,0.6,1,0.14285714285714285,0.2582639938968138,0.6456599847420346,2.5,True
Si,CY1A,2,1,0,0.0,0,0.0,0.6060660171779821,0.6060660171779821,1.0,True
Si,CY1A,8,10,3,0.375,1,0.1,0.19372623788273208,0.44072719118321546,2.275,True
Si,CY1A,7,8,2,0.2857142857142857,1,0.125,0.19295477352080978,0.3638575729249555,1.8857142857142855,True
Si,CY1A,5,7,3,0.6,0,0.0,0.2582639938968138,0.6456599847420346,2.5,True
Si,CY1A,5,7,3,0.6,1,0.14285714285714285,0.2582639938968138,0.6456599847420346,2.5,True
Si,CY1A,7,8,2,0.2857142857142857,1,0.125,0.20408010800341625,0.38483677509215636,1.8857142857142857,True
Si,CY1A,7,9,3,0.42857142857142855,0,0.0,0.190310391290099,0.44315133971837334,2.3285714285714283,True
Si,CY1A,4,6,3,0.75,1,0.16666666666666666,0.30624999999999997,0.8115624999999999,2.65,True
Si,CY1A,3,3,1,0.3333333333333333,0,0.0,0.41031336922528344,0.6701785030679629,1.633333333333333,True
Si,CY1A,3,3,1,0.3333333333333333,0,0.0,0.41031336922528344,0.6701785030679629,1.633333333333333,True
Si,CY1A,3,3,1,0.3333333333333333,0,0.0,0.41031336922528344,0.6701785030679629,1.633333333333333,True
Si,CY1A,6,7,2,0.3333333333333333,0,0.0,0.2459828882674604,0.47556691731709017,1.9333333333333336,True
Si,CY1A,4,6,3,0.75,1,0.16666666666666666,0.30624999999999997,0.8115624999999999,2.65,True
Si,CY1A,2,1,0,0.0,0,0.0,0.6060660171779821,0.6060660171779821,1.0,True
Si,CY1A,5,7,3,0.6,1,0.14285714285714285,0.24293250516799603,0.6073312629199901,2.5,True
Si,CY1A,4,5,2,0.5,0,0.0,0.30624999999999997,0.643125,2.1,True
Si,CY1A,8,10,3,0.375,0,0.0,0.16240577650307342,0.369473141544492,2.275,True
Si,CY1A,7,8,2,0.2857142857142857,0,0.0,0.19295477352080978,0.3638575729249555,1.8857142857142855,True
Si,CY1A,2,1,0,0.0,0,0.0,0.6060660171779821,0.6060660171779821,1.0,True
Si,CY1A,6,8,3,0.5,1,0.125,0.21040657306748603,0.5049757753619665,2.4,True
Si,CY1A,3,3,1,0.3333333333333333,0,0.0,0.41031336922528344,0.6701785030679629,1.633333333333333,True
Si,CY1A,4,6,3,0.75,1,0.16666666666666666,0.30624999999999997,0.8115624999999999,2.65,True
Si,CY1A,4,6,3,0.75,1,0.16666666666666666,0.30624999999999997,0.8115624999999999,2.65,True
Si,CY1A,6,7,2,0.3333333333333333,0,0.0,0.22012578859631673,0.4255765246195457,1.9333333333333333,True
Si,CY1A,5,7,3,0.6,0,0.0,0.2582639938968138,0.6456599847420346,2.5,True
Si,CY1A,8,10,3,0.375,0,0.0,0.16419331429382958,0.3735397900184622,2.2749999999999995,True
P,CY1A,6,8,3,0.5,1,0.125,0.21040657306748603,0.5049757753619665,2.4,True
P,CY1A,6,8,3,0.5,1,0.125,0.22012578859631673,0.5283018926311601,2.4,True
P,CY1A,4,6,3,0.75,1,0.16666666666666666,0.30624999999999997,0.8115624999999999,2.65,True
P,CY1A,8,10,3,0.375,1,0.1,0.1750017856687341,0.39812906239636997,2.2749999999999995,True
P,CY1A,4,6,3,0.75,1,0.16666666666666666,0.30624999999999997,0.8115624999999999,2.65,True
P,CY1A,4,6,3,0.75,1,0.16666666666666666,0.30624999999999997,0.8115624999999999,2.65,True
P,CY1A,8,10,3,0.375,0,0.0,0.1750017856687341,0.39812906239636997,2.2749999999999995,True
P,CY1A,4,4,1,0.25,0,0.0,0.30624999999999997,0.47468749999999993,1.55,True
P,CY1A,5,7,3,0.6,1,0.14285714285714285,0.2582639938968138,0.6456599847420346,2.5,True
P,CY1A,8,9,2,0.25,0,0.0,0.19656700493181006,0.3636489591238486,1.8499999999999999,True
P,CY1A,6,8,3,0.5,0,0.0,0.21040657306748603,0.5049757753619665,2.4,True
P,CY1A,4,6,3,0.75,1,0.16666666666666666,0.30624999999999997,0.8115624999999999,2.65,True
P,CY1A,6,7,2,0.3333333333333333,0,0.0,0.22962677720136518,0.44394510258930603,1.9333333333333333,True
P,CY1A,4,6,3,0.75,1,0.16666666666666666,0.30624999999999997,0.8115624999999999,2.65,True
P,CY1A,6,8,3,0.5,0,0.0,0.2237952478840668,0.5371085949217602,2.3999999999999995,True
P,CY1A,8,10,3,0.375,1,0.1,0.16240577650307342,0.369473141544492,2.275,True
P,CY1A,5,7,3,0.6,0,0.0,0.2582639938968138,0.6456599847420346,2.5,True
P,CY1A,4,3,0,0.0,0,0.0,0.30624999999999997,0.30624999999999997,1.0,True
P,CY1A,6,8,3,0.5,0,0.0,0.21040657306748603,0.5049757753619665,2.4,True
P,CY1A,6,8,3,0.5,1,0.125,0.21040657306748603,0.5049757753619665,2.4,True
P,CY1A,8,10,3,0.375,0,0.0,0.17418046364380244,0.39626055478965055,2.275,True
P,CY1A,3,3,1,0.3333333333333333,0,0.0,0.41031336922528344,0.6701785030679629,1.633333333333333,True
P,CY1A,6,6,1,0.16666666666666666,0,0.0,0.2237952478840668,0.32823303022996464,1.4666666666666668,True
P,CY1A,4,6,3,0.75,1,0.16666666666666666,0.30624999999999997,0.8115624999999999,2.65,True
P,CY1A,5,5,1,0.2,0,0.0,0.3143835308988808,0.47157529634832124,1.5,True
P,CY1A,4,6,3,0.75,1,0.16666666666666666,0.30624999999999997,0.8115624999999999,2.65,True
P,CY1A,6,8,3,0.5,0,0.0,0.21040657306748603,0.5049757753619665,2.4,True
P,CY1A,6,8,3,0.5,0,0.0,0.22012578859631673,0.5283018926311601,2.4,True
P,CY1A,4,6,3,0.75,1,0.16666666666666666,0.30624999999999997,0.8115624999999999,2.65,True
P,CY1A,8,10,3,0.375,1,0.1,0.17176869309137083,0.3907737767828687,2.2750000000000004,True
P,CY1A,7,9,3,0.42857142857142855,0,0.0,0.21430351802207376,0.49902104910854306,2.328571428571428,True
P,CY1A,6,7,2,0.3333333333333333,0,0.0,0.2237952478840668,0.4326708125758625,1.9333333333333333,True
P,CY1A,6,7,2,0.3333333333333333,0,0.0,0.21040657306748603,0.40678604126380635,1.9333333333333336,True
P,CY1A,5,7,3,0.6,0,0.0,0.27938383802778455,0.6984595950694614,2.5,True
P,CY1A,4,6,3,0.75,1,0.16666666666666666,0.30624999999999997,0.8115624999999999,2.65,True
P,CY1A,4,6,3,0.75,1,0.16666666666666666,0.30624999999999997,0.8115624999999999,2.65,True
P,CY1A,8,10,3,0.375,1,0.1,0.18988115828962307,0.4319796351088925,2.275,True
P,CY1A,2,1,0,0.0,0,0.0,0.6060660171779821,0.6060660171779821,1.0,True
P,CY1A,8,10,3,0.375,1,0.1,0.16419331429382958,0.3735397900184622,2.2749999999999995,True
P,CY1A,8,10,3,0.375,1,0.1,0.17071546383304903,0.3883776802201865,2.2749999999999995,True
P,CY1A,6,7,2,0.3333333333333333,1,0.14285714285714285,0.22012578859631673,0.4255765246195457,1.9333333333333333,True
P,CY1A,6,8,3,0.5,0,0.0,0.22012578859631673,0.5283018926311601,2.4,True
P,CY1A,5,7,3,0.6,1,0.14285714285714285,0.2582639938968138,0.6456599847420346,2.5,True
P,CY1A,5,7,3,0.6,0,0.0,0.27938383802778455,0.6984595950694614,2.5,True
P,CY1A,3,3,1,0.3333333333333333,0,0.0,0.41031336922528344,0.6701785030679629,1.633333333333333,True
P,CY1A,2,1,0,0.0,0,0.0,0.6060660171779821,0.6060660171779821,1.0,True
P,CY1A,6,8,3,0.5,0,0.0,0.2237952478840668,0.5371085949217602,2.3999999999999995,True
P,CY1A,7,9,3,0.42857142857142855,0,0.0,0.18384787243586434,0.4281029029577984,2.3285714285714287,True
P,CY1A,3,3,1,0.3333333333333333,0,0.0,0.41031336922528344,0.6701785030679629,1.633333333333333,True
P,CY1A,4,6,3,0.75,1,0.16666666666666666,0.30624999999999997,0.8115624999999999,2.65,True
P,CY1A,8,10,3,0.375,1,0.1,0.1750017856687341,0.39812906239636997,2.2749999999999995,True
P,CY1A,4,6,3,0.75,1,0.16666666666666666,0.30624999999999997,0.8115624999999999,2.65,True
P,CY1A,3,3,1,0.3333333333333333,0,0.0,0.41031336922528344,0.6701785030679629,1.633333333333333,True
P,CY1A,8,10,3,0.375,0,0.0,0.1750017856687341,0.39812906239636997,2.2749999999999995,True
P,CY1A,5,6,2,0.4,0,0.0,0.24293250516799603,0.48586501033599205,2.0,True
P,CY1A,8,10,3,0.375,1,0.1,0.173556230882127,0.39484042525683893,2.2750000000000004,True
P,CY1A,8,10,3,0.375,0,0.0,0.1702671739202708,0.38735782066861607,2.275,True
P,CY1A,6,8,3,0.5,0,0.0,0.2237952478840668,0.5371085949217602,2.3999999999999995,True
P,CY1A,4,4,1,0.25,0,0.0,0.30624999999999997,0.47468749999999993,1.55,True
P,CY1A,6,8,3,0.5,1,0.125,0.2237952478840668,0.5371085949217602,2.3999999999999995,True
P,CY1A,7,8,2,0.2857142857142857,0,0.0,0.1969213468668759,0.371337396948966,1.885714285714286,True
P,CY1A,4,6,3,0.75,1,0.16666666666666666,0.30624999999999997,0.8115624999999999,2.65,True
P,CY1A,3,3,1,0.3333333333333333,0,0.0,0.41031336922528344,0.6701785030679629,1.633333333333333,True
P,CY1A,5,5,1,0.2,0,0.0,0.2582639938968138,0.38739599084522075,1.5,True
P,CY1A,7,6,0,0.0,0,0.0,0.19746915242663937,0.19746915242663937,1.0,True
P,CY1A,3,3,1,0.3333333333333333,0,0.0,0.41031336922528344,0.6701785030679629,1.633333333333333,True
P,CY1A,6,7,2,0.3333333333333333,0,0.0,0.21040657306748603,0.40678604126380635,1.9333333333333336,True
P,CY1A,3,3,1,0.3333333333333333,0,0.0,0.41031336922528344,0.6701785030679629,1.633333333333333,True
P,CY1A,7,9,3,0.42857142857142855,0,0.0,0.190310391290099,0.44315133971837334,2.3285714285714283,True
P,CY1A,6,8,3,0.5,1,0.125,0.23351446341289747,0.560434712190954,2.4000000000000004,True
P,CY1A,7,9,3,0.42857142857142855,0,0.0,0.19746915242663937,0.45982102636488875,2.3285714285714283,True
P,CY1A,4,6,3,0.75,1,0.16666666666666666,0.30624999999999997,0.8115624999999999,2.65,True
P,CY1A,4,5,2,0.5,0,0.0,0.30624999999999997,0.643125,2.1,True
P,CY1A,8,10,3,0.375,0,0.0,0.15945870254536626,0.36276854829070826,2.275,True
P,CY1A,8,9,2,0.25,0,0.0,0.16892792604229287,0.31251666317824184,1.85,True
P,CY1A,3,3,1,0.3333333333333333,0,0.0,0.41031336922528344,0.6701785030679629,1.633333333333333,True
P,CY1A,6,8,3,0.5,0,0.0,0.2237952478840668,0.5371085949217602,2.3999999999999995,True
P,CY1A,4,6,3,0.75,1,0.16666666666666666,0.30624999999999997,0.8115624999999999,2.65,True
P,CY1A,8,10,3,0.375,1,0.1,0.17176869309137083,0.3907737767828687,2.2750000000000004,True
P,CY1A,8,10,3,0.375,1,0.1,0.16419331429382958,0.3735397900184622,2.2749999999999995,True
P,CY1A,4,4,1,0.25,0,0.0,0.30624999999999997,0.47468749999999993,1.55,True
P,CY1A,3,3,1,0.3333333333333333,0,0.0,0.41031336922528344,0.6701785030679629,1.633333333333333,True
P,CY1A,7,9,3,0.42857142857142855,0,0.0,0.18634381794403287,0.43391489035539077,2.3285714285714283,True
P,CY1A,8,10,3,0.375,1,0.1,0.16419331429382958,0.3735397900184622,2.2749999999999995,True
P,CY1A,6,8,3,0.5,0,0.0,0.22012578859631673,0.5283018926311601,2.4,True
P,CY1A,5,7,3,0.6,1,0.14285714285714285,0.24293250516799603,0.6073312629199901,2.5,True
S,CY1A,2,1,0,0.0,0,0.0,0.6060660171779821,0.6060660171779821,1.0,True
S,CY1A,7,9,3,0.42857142857142855,1,0.1111111111111111,0.23269413466351582,0.5418449135736154,2.3285714285714287,True
S,CY1A,2,1,0,0.0,0,0.0,0.6060660171779821,0.6060660171779821,1.0,True
S,CY1A,2,1,0,0.0,0,0.0,0.6060660171779821,0.6060660171779821,1.0,True
S,CY1A,7,9,3,0.42857142857142855,1,0.1111111111111111,0.19295477352080978,0.4493089726270284,2.3285714285714283,True
S,CY1A,7,9,3,0.42857142857142855,0,0.0,0.22882280337024458,0.5328302421335694,2.3285714285714283,True
S,CY1A,2,1,0,0.0,0,0.0,0.6060660171779821,0.6060660171779821,1.0,True
S,CY1A,8,9,2,0.25,0,0.0,0.18714168516093196,0.34621211754772413,1.8499999999999999,True
S,CY1A,7,9,3,0.42857142857142855,0,0.0,0.2287275613174497,0.5326084642106329,2.3285714285714287,True
S,CY1A,2,1,0,0.0,0,0.0,0.6060660171779821,0.6060660171779821,1.0,True
S,CY1A,4,4,1,0.25,0,0.0,0.33303300858899104,0.5162011633129361,1.5499999999999998,True
S,CY1A,3,3,1,0.3333333333333333,0,0.0,0.41031336922528344,0.6701785030679629,1.633333333333333,True
S,CY1A,2,1,0,0.0,0,0.0,0.6060660171779821,0.6060660171779821,1.0,True
S,CY1A,4,5,2,0.5,0,0.0,0.30624999999999997,0.643125,2.1,True
S,CY1A,7,9,3,0.42857142857142855,1,0.1111111111111111,0.24324684666562052,0.5664176572356592,2.3285714285714283,True
S,CY1A,6,8,3,0.5,1,0.125,0.240151358950162,0.5763632614803887,2.3999999999999995,True
S,CY1A,4,5,2,0.5,0,0.0,0.30624999999999997,0.643125,2.1,True
S,CY1A,4,6,3,0.75,1,0.16666666666666666,0.30624999999999997,0.8115624999999999,2.65,True
S,CY1A,2,1,0,0.0,0,0.0,0.6060660171779821,0.6060660171779821,1.0,True
S,CY1A,4,6,3,0.75,1,0.16666666666666666,0.30624999999999997,0.8115624999999999,2.65,True
S,CY1A,3,3,1,0.3333333333333333,0,0.0,0.41031336922528344,0.6701785030679629,1.633333333333333,True
S,CY1A,2,1,0,0.0,0,0.0,0.6060660171779821,0.6060660171779821,1.0,True
S,CY1A,3,3,1,0.3333333333333333,0,0.0,0.41031336922528344,0.6701785030679629,1.633333333333333,True
S,CY1A,4,6,3,0.75,1,0.16666666666666666,0.30624999999999997,0.8115624999999999,2.65,True
S,CY1A,3,3,1,0.3333333333333333,0,0.0,0.41031336922528344,0.6701785030679629,1.633333333333333,True
S,CY1A,2,1,0,0.0,0,0.0,0.6060660171779821,0.6060660171779821,1.0,True
S,CY1A,4,6,3,0.75,1,0.16666666666666666,0.30624999999999997,0.8115624999999999,2.65,True
S,CY1A,6,7,2,0.3333333333333333,1,0.14285714285714285,0.23351446341289747,0.4514612959316018,1.9333333333333333,True
S,CY1A,3,3,1,0.3333333333333333,0,0.0,0.41031336922528344,0.6701785030679629,1.633333333333333,True
S,CY1A,7,9,3,0.42857142857142855,1,0.1111111111111111,0.1969213468668759,0.45854542199001097,2.3285714285714283,True
S,CY1A,3,3,1,0.3333333333333333,0,0.0,0.41031336922528344,0.6701785030679629,1.633333333333333,True
S,CY1A,3,3,1,0.3333333333333333,0,0.0,0.41031336922528344,0.6701785030679629,1.633333333333333,True
S,CY1A,5,7,3,0.6,1,0.14285714285714285,0.24293250516799603,0.6073312629199901,2.5,True
S,CY1A,7,9,3,0.42857142857142855,1,0.1111111111111111,0.1969213468668759,0.45854542199001097,2.3285714285714283,True
S,CY1A,3,3,1,0.3333333333333333,0,0.0,0.41031336922528344,0.6701785030679629,1.633333333333333,True
S,CY1A,2,1,0,0.0,0,0.0,0.6060660171779821,0.6060660171779821,1.0,True
S,CY1A,2,1,0,0.0,0,0.0,0.6060660171779821,0.6060660171779821,1.0,True
S,CY1A,5,7,3,0.6,0,0.0,0.2582639938968138,0.6456599847420346,2.5,True
S,CY1A,4,6,3,0.75,1,0.16666666666666666,0.30624999999999997,0.8115624999999999,2.65,True
S,CY1A,8,10,3,0.375,1,0.1,0.1843647022570315,0.41942969763474663,2.275,True
S,CY1A,6,8,3,0.5,0,0.0,0.22012578859631673,0.5283018926311601,2.4,True
S,CY1A,2,1,0,0.0,0,0.0,0.6060660171779821,0.6060660171779821,1.0,True
S,CY1A,2,1,0,0.0,0,0.0,0.6060660171779821,0.6060660171779821,1.0,True
S,CY1A,3,3,1,0.3333333333333333,0,0.0,0.41031336922528344,0.6701785030679629,1.633333333333333,True
S,CY1A,2,1,0,0.0,0,0.0,0.6060660171779821,0.6060660171779821,1.0,True
S,CY1A,5,7,3,0.6,1,0.14285714285714285,0.2582639938968138,0.6456599847420346,2.5,True
S,CY1A,3,3,1,0.3333333333333333,0,0.0,0.41031336922528344,0.6701785030679629,1.633333333333333,True
S,CY1A,2,1,0,0.0,0,0.0,0.6060660171779821,0.6060660171779821,1.0,True
S,CY1A,2,1,0,0.0,0,0.0,0.6060660171779821,0.6060660171779821,1.0,True
S,CY1A,2,1,0,0.0,0,0.0,0.6060660171779821,0.6060660171779821,1.0,True
S,CY1A,2,1,0,0.0,0,0.0,0.6060660171779821,0.6060660171779821,1.0,True
S,CY1A,2,1,0,0.0,0,0.0,0.6060660171779821,0.6060660171779821,1.0,True
S,CY1A,2,1,0,0.0,0,0.0,0.6060660171779821,0.6060660171779821,1.0,True
S,CY1A,3,3,1,0.3333333333333333,0,0.0,0.41031336922528344,0.6701785030679629,1.633333333333333,True
S,CY1A,2,1,0,0.0,0,0.0,0.6060660171779821,0.6060660171779821,1.0,True
S,CY1A,2,1,0,0.0,0,0.0,0.6060660171779821,0.6060660171779821,1.0,True
S,CY1A,2,1,0,0.0,0,0.0,0.6060660171779821,0.6060660171779821,1.0,True
S,CY1A,7,9,3,0.42857142857142855,0,0.0,0.2287275613174497,0.5326084642106329,2.3285714285714287,True
S,CY1A,3,3,1,0.3333333333333333,0,0.0,0.41031336922528344,0.6701785030679629,1.633333333333333,True
S,CY1A,2,1,0,0.0,0,0.0,0.6060660171779821,0.6060660171779821,1.0,True
S,CY1A,2,1,0,0.0,0,0.0,0.6060660171779821,0.6060660171779821,1.0,True
S,CY1A,3,3,1,0.3333333333333333,0,0.0,0.41031336922528344,0.6701785030679629,1.633333333333333,True
S,CY1A,2,1,0,0.0,0,0.0,0.6060660171779821,0.6060660171779821,1.0,True
S,CY1A,4,6,3,0.75,1,0.16666666666666666,0.30624999999999997,0.8115624999999999,2.65,True
S,CY1A,2,1,0,0.0,0,0.0,0.6060660171779821,0.6060660171779821,1.0,True
S,CY1A,6,8,3,0.5,1,0.125,0.27293390992374117,0.6550413838169789,2.4000000000000004,True
S,CY1A,7,9,3,0.42857142857142855,0,0.0,0.22214760268068068,0.5172865605278707,2.3285714285714283,True
S,CY1A,7,8,2,0.2857142857142857,0,0.0,0.23815827531448305,0.4490984620215966,1.8857142857142857,True
S,CY1A,2,1,0,0.0,0,0.0,0.6060660171779821,0.6060660171779821,1.0,True
S,CY1A,6,8,3,0.5,0,0.0,0.2590691757164943,0.6217660217195863,2.4,True
S,CY1A,2,1,0,0.0,0,0.0,0.6060660171779821,0.6060660171779821,1.0,True
S,CY1A,5,7,3,0.6,1,0.14285714285714285,0.2582639938968138,0.6456599847420346,2.5,True
S,CY1A,2,1,0,0.0,0,0.0,0.6060660171779821,0.6060660171779821,1.0,True
S,CY1A,4,4,1,0.25,0,0.0,0.30624999999999997,0.47468749999999993,1.55,True
S,CY1A,3,3,1,0.3333333333333333,0,0.0,0.41031336922528344,0.6701785030679629,1.633333333333333,True
S,CY1A,2,1,0,0.0,0,0.0,0.6060660171779821,0.6060660171779821,1.0,True
S,CY1A,2,1,0,0.0,0,0.0,0.6060660171779821,0.6060660171779821,1.0,True
S,CY1A,2,1,0,0.0,0,0.0,0.6060660171779821,0.6060660171779821,1.0,True
S,CY1A,4,6,3,0.75,1,0.16666666666666666,0.30624999999999997,0.8115624999999999,2.65,True
S,CY1A,2,1,0,0.0,0,0.0,0.6060660171779821,0.6060660171779821,1.0,True
S,CY1A,7,9,3,0.42857142857142855,1,0.1111111111111111,0.20804668134948237,0.4844515579995089,2.3285714285714283,True
S,CY1A,3,3,1,0.3333333333333333,0,0.0,0.41031336922528344,0.6701785030679629,1.633333333333333,True
S,CY1A,2,1,0,0.0,0,0.0,0.6060660171779821,0.6060660171779821,1.0,True
S,CY1A,6,8,3,0.5,1,0.125,0.2649007050337927,0.6357616920811023,2.3999999999999995,True
S,CY1A,2,1,0,0.0,0,0.0,0.6060660171779821,0.6060660171779821,1.0,True
S,CY1A,2,1,0,0.0,0,0.0,0.6060660171779821,0.6060660171779821,1.0,True
S,CY1A,2,1,0,0.0,0,0.0,0.6060660171779821,0.6060660171779821,1.0,True
S,CY1A,7,9,3,0.42857142857142855,0,0.0,0.2020616746057552,0.47051504229625846,2.3285714285714283,True
S,CY1A,2,1,0,0.0,0,0.0,0.6060660171779821,0.6060660171779821,1.0,True
S,CY1A,2,1,0,0.0,0,0.0,0.6060660171779821,0.6060660171779821,1.0,True
S,CY1A,2,1,0,0.0,0,0.0,0.6060660171779821,0.6060660171779821,1.0,True
S,CY1A,8,9,2,0.25,0,0.0,0.19372623788273208,0.35839354008305435,1.85,True
S,CY1A,2,1,0,0.0,0,0.0,0.6060660171779821,0.6060660171779821,1.0,True
S,CY1A,2,1,0,0.0,0,0.0,0.6060660171779821,0.6060660171779821,1.0,True
S,CY1A,2,1,0,0.0,0,0.0,0.6060660171779821,0.6060660171779821,1.0,True
S,CY1A,2,1,0,0.0,0,0.0,0.6060660171779821,0.6060660171779821,1.0,True
S,CY1A,3,3,1,0.3333333333333333,0,0.0,0.41031336922528344,0.6701785030679629,1.633333333333333,True
S,CY1A,8,10,3,0.375,1,0.1,0.18827799198056316,0.42833243175578123,2.2750000000000004,True
S,CY1A,2,1,0,0.0,0,0.0,0.6060660171779821,0.6060660171779821,1.0,True
S,CY1A,3,3,1,0.3333333333333333,0,0.0,0.41031336922528344,0.6701785030679629,1.633333333333333,True
S,CY1A,2,1,0,0.0,0,0.0,0.6060660171779821,0.6060660171779821,1.0,True
S,CY1A,4,5,2,0.5,0,0.0,0.30624999999999997,0.643125,2.1,True
S,CY1A,2,1,0,0.0,0,0.0,0.6060660171779821,0.6060660171779821,1.0,True
S,CY1A,2,1,0,0.0,0,0.0,0.6060660171779821,0.6060660171779821,1.0,True
S,CY1A,2,1,0,0.0,0,0.0,0.6060660171779821,0.6060660171779821,1.0,True
S,CY1A,7,7,1,0.14285714285714285,0,0.0,0.19295477352080978,0.2784061732228827,1.4428571428571428,True
S,CY1A,2,1,0,0.0,0,0.0,0.6060660171779821,0.6060660171779821,1.0,True
S,CY1A,3,3,1,0.3333333333333333,0,0.0,0.41031336922528344,0.6701785030679629,1.633333333333333,True
S,CY1A,2,1,0,0.0,0,0.0,0.6060660171779821,0.6060660171779821,1.0,True
S,CY1A,2,1,0,0.0,0,0.0,0.6060660171779821,0.6060660171779821,1.0,True
S,CY1A,5,7,3,0.6,1,0.14285714285714285,0.2582639938968138,0.6456599847420346,2.5,True
S,CY1A,3,3,1,0.3333333333333333,0,0.0,0.41031336922528344,0.6701785030679629,1.633333333333333,True
S,CY1A,6,6,1,0.16666666666666666,0,0.0,0.28624649415377734,0.4198281914255402,1.466666666666667,True
S,CY1A,2,1,0,0.0,0,0.0,0.6060660171779821,0.6060660171779821,1.0,True
S,CY1A,3,3,1,0.3333333333333333,0,0.0,0.41031336922528344,0.6701785030679629,1.633333333333333,True
S,CY1A,4,6,3,0.75,1,0.16666666666666666,0.30624999999999997,0.8115624999999999,2.65,True
S,CY1A,2,1,0,0.0,0,0.0,0.6060660171779821,0.6060660171779821,1.0,True
S,CY1A,2,1,0,0.0,0,0.0,0.6060660171779821,0.6060660171779821,1.0,True
S,CY1A,2,1,0,0.0,0,0.0,0.6060660171779821,0.6060660171779821,1.0,True
S,CY1A,2,1,0,0.0,0,0.0,0.6060660171779821,0.6060660171779821,1.0,True
S,CY1A,3,3,1,0.3333333333333333,0,0.0,0.41031336922528344,0.6701785030679629,1.633333333333333,True
S,CY1A,7,9,3,0.42857142857142855,0,0.0,0.2287275613174497,0.5326084642106329,2.3285714285714287,True
S,CY1A,2,1,0,0.0,0,0.0,0.6060660171779821,0.6060660171779821,1.0,True
S,CY1A,5,7,3,0.6,0,0.0,0.2582639938968138,0.6456599847420346,2.5,True
S,CY1A,2,1,0,0.0,0,0.0,0.6060660171779821,0.6060660171779821,1.0,True
S,CY1A,2,1,0,0.0,0,0.0,0.6060660171779821,0.6060660171779821,1.0,True
S,CY1A,2,1,0,0.0,0,0.0,0.6060660171779821,0.6060660171779821,1.0,True
S,CY1A,2,1,0,0.0,0,0.0,0.6060660171779821,0.6060660171779821,1.0,True
S,CY1A,3,3,1,0.3333333333333333,0,0.0,0.41031336922528344,0.6701785030679629,1.633333333333333,True
S,CY1A,8,9,2,0.25,0,0.0,0.20400052753243889,0.37740097593501193,1.8499999999999999,True
S,CY1A,3,3,1,0.3333333333333333,0,0.0,0.41031336922528344,0.6701785030679629,1.633333333333333,True
S,CY1A,2,1,0,0.0,0,0.0,0.6060660171779821,0.6060660171779821,1.0,True
S,CY1A,3,3,1,0.3333333333333333,0,0.0,0.41031336922528344,0.6701785030679629,1.633333333333333,True
S,CY1A,4,6,3,0.75,1,0.16666666666666666,0.30624999999999997,0.8115624999999999,2.65,True
S,CY1A,3,3,1,0.3333333333333333,0,0.0,0.41031336922528344,0.6701785030679629,1.633333333333333,True
S,CY1A,2,1,0,0.0,0,0.0,0.6060660171779821,0.6060660171779821,1.0,True
S,CY1A,4,6,3,0.75,1,0.16666666666666666,0.30624999999999997,0.8115624999999999,2.65,True
S,CY1A,2,1,0,0.0,0,0.0,0.6060660171779821,0.6060660171779821,1.0,True
S,CY1A,2,1,0,0.0,0,0.0,0.6060660171779821,0.6060660171779821,1.0,True
S,CY1A,6,7,2,0.3333333333333333,0,0.0,0.240151358950162,0.46429262730364657,1.9333333333333333,True
S,CY1A,2,1,0,0.0,0,0.0,0.6060660171779821,0.6060660171779821,1.0,True
S,CY1A,2,1,0,0.0,0,0.0,0.6060660171779821,0.6060660171779821,1.0,True
S,CY1A,2,1,0,0.0,0,0.0,0.6060660171779821,0.6060660171779821,1.0,True
S,CY1A,5,7,3,0.6,0,0.0,0.2582639938968138,0.6456599847420346,2.5,True
S,CY1A,2,1,0,0.0,0,0.0,0.6060660171779821,0.6060660171779821,1.0,True
S,CY1A,4,6,3,0.75,1,0.16666666666666666,0.30624999999999997,0.8115624999999999,2.65,True
S,CY1A,4,6,3,0.75,1,0.16666666666666666,0.30624999999999997,0.8115624999999999,2.65,True
S,CY1A,2,1,0,0.0,0,0.0,0.6060660171779821,0.6060660171779821,1.0,True
S,CY1A,6,8,3,0.5,0,0.0,0.2237952478840668,0.5371085949217602,2.3999999999999995,True
